w-9161.com,62
thaialpha88.com,49
tt1920.net,48
btcsportsbetting.info,47
bangla-expo.com,46
gscmgs168.com,44
fabbydeals.com,43
break-resistant-glassware.com,41
taigagames.com,38
cazinos.club,37
goodmi.xyz,37
dailyvpnnews.com,36
generictadalafil20mg.com,36
nepalthinking.com,36
parkcityboard.org,36
munchstudios.org,35
weprecisionists.com,35
genomicsintegration.net,35
petgazetteasheville.com,35
glamsureworld.com,34
comstockhomesinc.biz,34
amzkfw.com,34
pc-atelie.com,33
amiris.live,32
nutrients4health.com,32
muscleandbonepdx.com,32
anatoliantrading.com,32
notimetowasteproject.com,31
girlstreat.com,31
apkpurelab.com,30
innovationlatte.com,30
autocity-km.com,30
alles-stenar.com,30
ushi808.com,30
connectmarketingnc.com,30
africasan.com,30
blogtrader.org,29
hetrickchiro.com,29
bankicollege.org,28
csen2015.org,28
wordconnect-cheat.com,28
freeintimateflirt.com,28
propertywizzard.com,28
massgainguide.com,28
thomasdelauerreviews.com,28
riveronline.org,28
k9winbet.com,27
qlmbusinessreviews.com,27
scottsdalerestaurants.com,27
qaissaeed.com,27
jerrybearbrother.com,27
riodesignltd.com,27
256796.com,27
voila-blog.com,26
feetpornvids.com,26
takashioceansuitevn.com,26
higherpraisetube.com,26
forananswer.org,26
animalbehaviorarchive.org,26
il520.com,26
delhiwebsiteservices.com,26
sharkspeed.net,26
listautomobile.com,26
zatrzymajmypis.com,26
vpnoz.com,25
roomgo.xyz,25
pullupprofessors.com,25
91sp.cc,25
dailysv388.com,24
vapecheap.biz,24
samsbirds.com,24
learnspanishlikecrazy.org,24
gts2021.com,24
majesticvacationhomes.com,24
bluegreenside.xyz,23
yoowellodge.com,23
mmavsp.com,22
tokevip.org,22
cheapsocialpanel.com,22
winlivebet.net,22
mumblesmenino.us,22
longhiepphat.com,21
imusclebg.com,21
pandorasart.com,21
darkmoney.ac,21
grandoleditch.com,21
handcureco.com,21
danielbromberg.info,21
whywouldiwantawebsite.com,21
zeytinciteyze.com,21
taiwansex123.com,20
molecule8.com,20
123mediasolutions.com,20
ryantechinc.net,20
kruamaiporn.com,20
fun589.com,19
vccamember.com,19
mednabil.com,19
droppy.cloud,18
k3jihua6.com,18
mamajoskitchen.com,18
folkfestival50.com,18
coach-ol.com,18
vivelibre.org,18
ullibit.com,18
asunciondigital.com,18
asklepiosremedies.com,18
fele.shop,17
onlinecasinoproducts.com,17
cccdiversitytraining.com,17
admediaking.com,16
spravki-moskva.com,16
mqtba.com,16
astooore.com,16
savannahmattress.com,16
youthvascularconsortium.org,16
makwan.net,16
444wc.com,16
izmirkoltukdosemecisi.com,15
theyashrajgroup.com,15
buyaddis.com,15
fundaciondani.org,15
qpaisaa.com,15
queplix.com,15
hoplonsolutions.com,15
gambler-liga.com,15
labate.io,15
meizitangstrongversionofficial.com,15
shu26rtfgrad.com,15
icanntechindo.com,15
petite-soeur.com,15
cannabiscaregiveralliance.com,15
ordersshop.xyz,15
digitridev.com,15
evropskiuniverzitetkallos-tuzla.com,14
bptpelitefloors.com,14
cracksolutionz.com,14
doktor-spravki.com,14
studioramps.com,14
felomovies.com,13
banleboter.com,13
empreendedorismodesucesso.com,13
tinnitus-behandlung.com,13
williamofsweden.com,13
mychauffeurhampshire.com,13
allabout-building.com,13
rc10gt.com,13
cortinasydecoracionesnellyr.com,13
hathorswap.org,13
discretegunshop.com,13
bathroomremodelinginaustin.com,13
fishviewit.org,13
ivan-simic.xyz,13
zuerichips.com,12
marrakech-transfert.com,12
agenciasocial.media,12
lacasonadeljudio.com,12
tropicaldiscovery.com,12
elkesmitphotography.com,12
edcruikshank.com,12
monicavaklinova.com,12
esponjasytapices.com,12
animeflv-es.com,12
yatrides.org,12
dailystuff.info,12
inspirediscovery.com,12
vdspainting.com,12
weimi154.com,12
regalodulce.com,12
mynaturaltips.com,11
ghumdhr.com,11
7888moneyrd.com,11
socialmediawolf.com,11
buccie.com,11
notinoo.com,11
thesarcasticboob.com,11
ilsonno.org,11
identity-des.com,11
gafatendowment.com,11
vivoprice.com,11
milfporrfilm.com,11
budflax.com,11
sdcadvsa.org,11
parbhanibazar.com,11
lostriverselephant.com,11
barinasventas.com,11
gillygirls.us,11
antimigalki.org,11
asedamovies.club,11
celine-coiffure.com,11
malline-co.com,11
phoura-y.com,10
newepoch.media,10
chicagosuburbanrealestate.com,10
poplease.com,10
artforkidsandrobots.com,10
seqzfs.org,10
btn4dd.com,10
420megavape.com,10
free-erovr.com,10
codytheme.com,10
bizimmasalimiz.com,10
asbtoday.com,10
soymamahoy.com,10
sugarcoatedbakerylowell.com,10
belerie.com,10
synesthesiaresearch.com,10
go-gifters.com,10
malikasmir.com,10
precom-multimedia.com,10
companebistro.com,10
5lev.com,10
elazigtv23.com,10
bcsconsultinggrp.com,10
medioarea.com,10
3g-generation.com,10
spaceweeb.com,10
routea67.com,9
zenloveshop.com,9
kohmakcinnamonart.com,9
elrano.com,9
beautyinchristthebook.com,9
spyandroidphone.com,9
shelbycountyef.com,9
cda-projects.com,9
coups-du-jour.com,9
marcellotunasiofficiel.com,9
katalogtr.com,9
siagabanjir.org,9
brill3dculinarystudio.com,9
saxenaconstruction.com,9
obsidiansource.org,9
s88r.top,9
christian-fandom.org,9
s88z.top,9
s88p.top,9
welltio.com,9
exammodern.com,9
ganxious.com,9
kaikurakeisho.biz,9
legitimagb.com,9
basayahotelresort.com,9
6191101.com,9
darrawhiteofficialhq.com,9
lulquid.xyz,9
serradobene.com,9
egyptiancottoneg.com,8
ovaltechnologies.xyz,8
meliarbelaez.com,8
matchdayreality.com,8
marcowong108onlineshop.com,8
parolesdopera.com,8
hudsonstives.com,8
tbhbeardcare.com,8
libra-paris.com,8
beautifyecuador.com,8
bestcasino.digital,8
podmaniczky.com,8
eg-mart.com,8
ukap.info,8
vmotore.info,8
eaterteam.com,8
takeshop.biz,8
phutungmythanh.com,8
stepbystepqp.com,8
sekt4.com,8
growmoretech.co,8
infrastructureamerica.org,8
yishemtu.com,8
greenfengcai.com,8
wnwoodworks.com,8
happyhamper.net,8
kamerapferd.com,8
beleavesreliefcbd.com,8
catalogcosmetice.com,8
zippyen.shop,8
byblosorange.com,8
kalinkovichi.info,8
innovationsunltd.com,8
testtor.com,8
outsidespirits.com,7
sexylingeriena.com,7
redvi14.com,7
redvi15.com,7
animal-graphics.com,7
emboliviacanada.com,7
oneby1trips.com,7
llovecarwash.com,7
babyultrasoundmarketingteam.com,7
cuisinesaky.com,7
dalailaw.com,7
hausofsaj.com,7
wolfgrinders.com,7
peopleandpages.com,7
manaslutsumvalleytrekking.com,7
ikeda-nao.com,7
socialaxcess.com,7
centralparkcr.com,7
jendurbin.com,7
ilmpublications.com,7
mosaideko.com,7
smallbusiness-bigresults.com,7
fragrancesofmiami.com,7
100pd.xyz,7
elliotfunt.com,7
giftshhotel.com,7
evcarlo.com,6
motor-abc.com,6
thecassproject.org,6
laula-kealoha.com,6
catholicanarchy.org,6
jordan-dci.com,6
theservingace.com,6
grafitalia.org,6
shopeclecticpr.com,6
gotwowork.com,6
lesdoit.net,6
skytekgames.com,6
toto114a.com,6
palavallc.com,6
americanpatriotrally.com,6
teamdiyhardware.com,6
builtbyking.com,6
leisurseek.com,6
giovannilondon.com,6
letsgobrandonchallenge.com,6
galerialimpia.com,6
spabrochures.com,6
gujaratgovernmentjob.com,6
d6770.com,6
gunesmedya.com,6
fkeenl.com,6
plively.com,6
h3381.com,6
nutteporno.com,6
terraceus.org,6
automonetizate.com,6
tanuma-office.com,6
syazans.com,6
crosswayrx.com,6
innoxpaceventures.com,6
not-a-petshop.com,6
plazaen.shop,6
mittaldiagnosticaligarhreports.xyz,6
asoldasmytongue.net,6
elitehunters.org,6
abc62.xyz,5
newscatch.net,5
bostonbitfest.com,5
casinothis.com,5
motomiya-noukaminsyuku.com,5
jewishremembranceweekgoerlitz2021.com,5
smtvsp.com,5
wxbewell.com,5
underwatchfuleyes.org,5
solutiondispersions.com,5
alawura.com,5
sapmediadistro.com,5
sergioisheretoruintheparty.com,5
ducorcentralacademy.com,5
mohansinghhospitalfurnituremanufacturer.com,5
cwsltraining.com,5
fit-in.xyz,5
hand-over.xyz,5
end-up.xyz,5
run-away.xyz,5
cut-off.xyz,5
point-out.xyz,5
rely-on.xyz,5
check-out.xyz,5
movie-theater.xyz,5
food-photography.xyz,5
hand-out.xyz,5
pass-on.xyz,5
fill-up.xyz,5
get-through.xyz,5
pull-through.xyz,5
rule-out.xyz,5
bring-up.xyz,5
sum-up.xyz,5
hand-in.xyz,5
take-on.xyz,5
eat-out.xyz,5
speed-up.xyz,5
take-over.xyz,5
pull-over.xyz,5
warm-up.xyz,5
put-off.xyz,5
go-off.xyz,5
call-off.xyz,5
tear-up.xyz,5
put-up.xyz,5
wear-out.xyz,5
aside-from.xyz,5
laidiomas.com,5
aacha.xyz,5
ggcha.xyz,5
eecha.xyz,5
copulation.xyz,5
omnadren-250.xyz,5
tanyerigiller.xyz,5
gilistournmice.com,5
ribthrowdown.com,4.9
vape-wild.biz,4.9
mimiblogmode.com,4.9
pagesplots.com,4.9
immediatea.com,4.9
softwedge.dev,4.9
harsimratkaurbadal.xyz,4.9
wildharts.net,4.8
my3rivers.com,4.8
hohinvestment.com,4.8
nk7property.com,4.8
husamzalloum.net,4.8
taxiboat-sibenik.com,4.8
dizzle-storm.com,4.7
theanticod.com,4.7
mrgolfbrushcleaner.com,4.7
standinginthespotlightpins.com,4.7
radiantitsolutions.com,4.7
situsjawara.live,4.7
georgematthew.com,4.7
westminstervouchers.com,4.7
valtrexo.com,4.7
globalhealthbrx.com,4.6
colegio-aprendiz.com,4.6
thikinternational.com,4.6
levsabee.com,4.6
dowrylink.com,4.6
bestofdaily.shop,4.6
y8226.com,4.5
y7227.com,4.5
vrshoptv.com,4.5
tamirenascookies.com,4.5
takescholarship.com,4.5
laserjetservice.info,4.5
monsartis.com,4.5
lev-kazino.com,4.4
ysmcenter.com,4.4
pingguotv.xyz,4.4
itive.net,4.3
ratedbulletbar.com,4.3
latesthdmovies.cam,4.3
yueyw.com,4.3
akitektenggara.com,4.3
iccworldcup2019schedules.com,4.3
czcy-sports.com,4.3
mofasuidao.xyz,4.3
sliptechnology.com,4.3
justmydeal.org,4.2
athensnocpins.com,4.2
tenormin24.com,4.2
toto-day.com,4.2
umskkaratedo.com,4.2
kiandahost.com,4.2
mcdonaldkeith.com,4.1
casinohouse.games,4.1
ultimatebrandingco.com,4.1
sex-pistols-fan.com,4.1
ritoeventsplanning.com,4.1
mundoveganotienda.com,4.1
pashainterior.com,4.1
indianbrook.xyz,4.1
trendnetpremiumsupport.com,4
ismichaeljacksonstillalive.com,4
accurate-staffing.net,4
lenottimediterranee.com,4
blogs-internet.com,3.9
truthdevelopers.com,3.9
psykologerne-paa-gaarden.com,3.9
theberlinwriters.com,3.9
mmtulu.com,3.9
tectranetworks.com,3.9
fabiodessi.com,3.8
automex.org,3.8
flazhicon.com,3.8
cpapedge.com,3.8
asma-online.com,3.8
paysonmomsblog.com,3.8
wwyl131.com,3.8
dar-assunnah.com,3.8
weldequip.net,3.8
tehmooramjad.com,3.8
ampstechengg.com,3.7
eagleridgepc.com,3.7
yy8398.com,3.7
interiorzilla.com,3.7
shotokutaishi-event.com,3.7
sionobrussels.com,3.6
thequeertheorylibrary.com,3.6
ponovisions.com,3.6
ace-attorney.net,3.5
time4dropstore.com,3.5
vongoricaberg.com,3.5
weareglobalroyalty.com,3.5
getthaiufabet.com,3.5
jotechblog.com,3.5
downpixelgun3d.xyz,3.5
autogomaa.com,3.4
ultimominutorealmadrid.com,3.4
livepokermedia.com,3.4
fundamarin.org,3.4
besthowtocenter.com,3.4
shopthunderbird92.com,3.4
bifirmabul.com,3.3
abujabagplug.com,3.3
bytsmith.com,3.3
treveilphotography.com,3.3
cornerkicks.org,3.3
edmontonphotographer.net,3.3
kupit-spravku-77.org,3.3
22coffeeco.com,3.2
infogarantias.com,3.2
healthinhandweb.com,3.2
quantreeinvestment.com,3.2
lifestyles100.com,3.2
thatgraphicsguy.com,3.2
fastgarms.com,3.2
toneplans.com,3.2
stiffri.com,3.2
bohobees.com,3.2
iconworldsolutions.com,3.2
davinchiarts.com,3.2
onlinecasinolove.com,3.1
baseread.com,3.1
5157westredondocourt.com,3.1
casinoness.com,3.1
ryannonprofits.com,3.1
kawatsiletgalvanize.com,3.1
d8806.com,3.1
droidrax.co,3
broadgreenguilds.com,3
kitapeduli.xyz,3
mister-pix.com,3
cscorpflorida.com,3
kreativecodes.xyz,3
onlinecasinors.com,2.9
onlinecasinohomes.com,2.9
bruno-verrier-lyon-photographe.com,2.9
nvtsu.com,2.9
lokicult.com,2.9
gamblingto.com,2.9
shambhala-group.com,2.9
ainura.xyz,2.9
ethanmorrow.com,2.8
cwrealestateleads.com,2.8
amledco.com,2.8
getalittlewestern.com,2.8
thefashionartbs.com,2.8
theecostretch.com,2.8
wx310.com,2.8
physio4u-kw.com,2.8
technologypatentsllc.com,2.8
lawaffleriachile.com,2.8
wwescdhax2020.xyz,2.8
classificrypto.com,2.8
backpass.net,2.7
onlinecasinoing.com,2.7
pontomovel.com,2.7
candyshalloween.com,2.7
mystudio85.com,2.7
bookingpilot.com,2.7
desertsunmotorsalamogordo.com,2.7
emmanueltheocoll.info,2.7
gamblingfit.com,2.7
gamblingst.com,2.7
ingrodev.org,2.7
embracediversityinsport.org,2.7
totallevsa.com,2.7
pickbeck.xyz,2.7
lizardapps-staging.xyz,2.7
toopnews.com,2.6
spravka-center.com,2.6
casinoonlineservices.com,2.6
pk2020.org,2.6
qohf.org,2.6
livepokerapp.com,2.6
panamadoc.com,2.6
khadijomusic.com,2.6
6heanchor.com,2.6
tikimadmanswag.com,2.6
tampabay2022.com,2.5
masterna4as.com,2.5
lindensegal.com,2.5
liverpoolhopecareers.com,2.5
majorbasket.com,2.5
vuon-tho-tao-ngo.net,2.5
gamblinghomes.com,2.5
fredericksburgninja.com,2.5
porkylinks.com,2.5
agilot.com,2.5
princessmoon.xyz,2.5
buysleepify.com,2.4
francescocolletto.com,2.4
primalessentials.com,2.4
bayride710.com,2.4
reluxaap.com,2.4
intotheirhands.org,2.4
ufabetliveapp.com,2.4
seanmichaelbailey.com,2.4
tvportalapp.com,2.4
alexandrabrites.com,2.4
computer-training-for-you-through-online-education.com,2.4
coinfxtrader.com,2.4
rollerys.com,2.4
fammia.com,2.3
bh-arc.com,2.3
marbellaessentials.com,2.3
ecoone-farm.com,2.3
orgasport-neu.com,2.3
elizabethbyheart.com,2.3
velozephyr.com,2.3
sf2hax.xyz,2.3
theretrobros.com,2.3
agarwalcargopackernmovers.com,2.2
centrocemos.com,2.2
602182.com,2.2
freshstartfashion.com,2.2
9211barkranchroad.com,2.2
code371.com,2.2
turkishsub.co,2.2
stylinevents.com,2.1
posliininkoristajat.com,2.1
eronetz.info,2.1
freeskatelesson.com,2.1
thmos.xyz,2.1
healthconsciouspro.com,2.1
matome-saito.com,2
jrpriceinvestmentgroup.com,2
sortl.cc,2
hyperguy.net,2
43604hopkinsave.com,2
tanabifilms.com,2
dread-fildon.xyz,2
jinxiansheng.xyz,2
customtasselsandtrimmings.com,2
prefetchwebtech.com,2
punjabkav.com,2
unabioshop.com,1.9
magiamojegoimienia.com,1.9
abisolashof.com,1.9
vinowinemaker.com,1.9
portofthefuture2020.com,1.9
cinephiliafrbe.com,1.9
fire-rite.com,1.9
facedbytee.com,1.9
livepokerzone.xyz,1.9
bestnike.com,1.9
cialisenglandgen6b.com,1.9
garyvanzinderen.net,1.9
jonathanpigno.com,1.9
386277.com,1.9
filearmy.xyz,1.9
go-leasing24.biz,1.9
shopgamergloves.com,1.9
injazexpress-sa.co,1.9
bonfire-fan.com,1.8
datingcougars.club,1.8
shipyardrose.com,1.8
gamecodeguides.com,1.8
fevlet.com,1.8
gmeet.io,1.8
barrevtuu.org,1.8
bathroomremodelingkansascitymo.com,1.8
pbsmods.com,1.8
oxygene-formation.xyz,1.8
samla.us,1.8
hlfls.xyz,1.8
ichibakan.com,1.7
w8w28.com,1.7
casinolivenow.xyz,1.7
jc2882023.com,1.7
1000-medspravok.com,1.7
uberhappylife.com,1.7
vladtimoshenko.com,1.7
skeeterhealth.com,1.7
solpacas.art,1.7
iup213.com,1.7
primemedia1.com,1.7
maisbelablog.com,1.7
mygiddins.com,1.6
starzzcannabis.com,1.6
hallucigenia-lab.com,1.6
sanal-kumarhane-1.com,1.6
fulltank9010.com,1.6
lenguajes-de-programacion.com,1.6
section27alliance.com,1.6
ingyenpokeronline.net,1.6
lassouane.com,1.6
shopcsuv.org,1.6
psn2022.com,1.6
djhhschool.com,1.6
toosyou.com,1.6
shahguru.com,1.6
twp8g.com,1.5
seriouslysinister.com,1.5
olgabogachek.com,1.5
forodepsicologos.com,1.5
yy7322.com,1.5
motocrossnation.com,1.5
hemiss-inmobiliaria.com,1.5
greatpornxxx.com,1.5
csuntrends.com,1.5
jiudian138.com,1.5
charlottewhitecenter.com,1.5
seasidea.com,1.5
khaolakliveaboards.com,1.5
johnnyandtate.com,1.5
tangosalonwinnipeg.com,1.5
newsbatdongsan.xyz,1.5
irishtimess.xyz,1.5
geforcedigitalstore.com,1.5
blissfulrelationships.com,1.5
gardenstatesociety.com,1.4
dalewilhite.com,1.4
albahagy.com,1.4
forohack.com,1.4
simplythaicopiague.com,1.4
qlcgirls.com,1.4
impactmachinela.com,1.4
frethink.com,1.4
thepatriotwellness.com,1.4
bathroomremodelvirginiabeach.com,1.4
nordaycancun.com,1.4
lunabih.org,1.4
k-mv.com,1.4
nigdemasaj.xyz,1.4
henryshoodcleaning.com,1.4
synergiaspa.com,1.4
onesinglewish.com,1.3
stuzzle.com,1.3
400east56-15d.com,1.3
jasonnutile.net,1.3
roiforroi.com,1.3
boundlessfreedoms.com,1.3
chaipatti.net,1.3
uglygamenews.com,1.3
guestposting.digital,1.3
graphicdunia.com,1.3
queenswalkincloset.com,1.2
captainhelmets.com,1.2
westgatecc.com,1.2
habegy.com,1.2
jesuschristianmatrimony.com,1.2
szidm.com,1.2
gtresoldi.com,1.2
prosworkshop.com,1.2
shegypt.com,1.2
djacopys.xyz,1.2
spiritualparenting.us,1.2
manwithzen.com,1.2
chassaing-recyclage.com,1.2
growshopfirenze.com,1.2
leonialessandro.com,1.1
25306doriaave.com,1.1
africonn.com,1.1
panamamr.com,1.1
7zarshou.com,1.1
droneskyphotos.com,1.1
bathroomremodelcoloradospringsco.com,1.1
animecoolstore.com,1.1
skbcarrentals.com,1.1
recambiatec.com,1.1
fitness24planet.xyz,1.1
mstamov.com,1.1
jarahab.com,1.1
devtrail.io,1
mvplagos.com,1
atraeralexistir.com,1
ihisonline.com,1
spravki-zakaz.com,1
whileshewaitsrockandroll.com,1
internationalsafetyworkshop.com,1
championwaterproofingco.com,1
integrachagasbrasil.com,1
gulaiayam.com,1
veropigfarm.com,1
aliceroselee.com,1
webcam-directo.com,1
happyhealthy-lifehope.com,0.9
corello.net,0.9
designconceptremodelingservices.com,0.9
semprebarbaras.com,0.9
ads4bags.com,0.9
lesloisirsdeln.com,0.9
bfyneeds.com,0.9
bearcreekfarmretreat.com,0.9
galaxitekno.xyz,0.9
shaoyao57.com,0.9
nobdatafy.com,0.9
movierulz-to.org,0.9
estacionelectronica.com,0.9
4himathletics.com,0.9
tigerinfusion.com,0.9
satkum.xyz,0.9
misskp.xyz,0.9
lifesaboutjoy.com,0.9
nosuke80.com,0.9
cdutt.xyz,0.9
faizmokhtar.xyz,0.9
owlglass.xyz,0.9
2205hillsidedrive.com,0.9
angeleyesinspections.com,0.8
areatocode.com,0.8
intro2crypto.com,0.8
luluvalenttine.com,0.8
sabuykid.com,0.8
bonavitacosplay.us,0.8
shijitcm.com,0.8
13341662825.com,0.8
shoppingsleep24.com,0.8
maestrosesotericosdelamor.com,0.8
satellite-earth.com,0.8
koolkoalaj.com,0.8
chengxing66.com,0.8
bayanescortkutahya.xyz,0.8
simpliairac.com,0.8
desafioflona.com,0.8
mybestgiftsfor.com,0.7
upcomingfood.com,0.7
olivefunerals.com,0.7
lifein64squarefeet.com,0.7
atozfreetips.com,0.7
yy6092.com,0.7
rovindonesia.com,0.7
gunjankafil.com,0.7
spravki198.com,0.7
carringtonfarmsoffers.com,0.7
internationalcellphoneguide.com,0.7
glenparkshomes.com,0.7
180574.com,0.7
wallartprintsset.com,0.7
triprare.com,0.7
pixmaprinter.co,0.7
inijurnal.com,0.7
northwesthuntingandfishing.com,0.7
huntingthenorthwest.com,0.7
laptopsleevesusa.com,0.7
nekurim.org,0.7
bayanescortbilecik.xyz,0.7
serrurerie-rapide.xyz,0.7
data2.xyz,0.7
pinup-casino-slots.com,0.6
africanainitiatives.org,0.6
franklin-alvarez.com,0.6
blogenginewall.com,0.6
thisjessalewis.com,0.6
jeremiahjauguste.com,0.6
goodwg.com,0.6
buyrrzz.com,0.6
jodie-hughes.com,0.6
611068.com,0.6
thisisauchward.com,0.6
remsenlegal.xyz,0.6
porno-indir.xyz,0.6
affordabledtp.com,0.6
elmundo-sd.com,0.5
floortraderqca.com,0.5
eleonoraeubel.com,0.5
dangkynhanhieu.biz,0.5
commissioncollect.com,0.5
b30media.com,0.5
tellicovillagesingers.org,0.5
harzzanolondon.com,0.5
migtoken.com,0.5
ideo-libris.com,0.5
watts-happening.com,0.5
prakashganesan.net,0.5
acquafit2a.com,0.5
bestantivirusguides.com,0.5
shine-green.com,0.5
flowtheheart.com,0.5
hirose-s.com,0.5
tfgtf.vc,0.5
thecodingbook.com,0.5
6012powerinn.com,0.5
poppinsbakery.com,0.5
901aa24.com,0.5
crgro.com,0.5
anoniemechat.xyz,0.5
rrukladcki.xyz,0.5
sothea.xyz,0.5
nelso.us,0.5
millielagares.com,0.5
october-country.com,0.5
my-wawa-visit.xyz,0.5
deejaytamo.com,0.5
3085alexis.com,0.5
bahaaalmadhoun.com,0.5
theavantgarderose.com,0.4
top-spravka.com,0.4
palladinosweettherapy.com,0.4
shopartbyamersm.com,0.4
thiasknickknacks.com,0.4
aqilqaraca.com,0.4
21billingslakeroad.com,0.4
blingdetail.com,0.4
1307hopestreeta3.com,0.4
technomentis.com,0.4
storymyluck.com,0.4
northandoak.com,0.4
128westmaple.com,0.4
deflouexplorerstore.com,0.4
talizic.com,0.4
joeljulius.com,0.4
datausainc.com,0.4
recoverdatalinks.com,0.4
upupupent.com,0.4
akhbarmaghribia.com,0.4
as210732.net,0.4
30plusdanceevent.com,0.4
ecorunningcb.com,0.4
acrobaticstands.xyz,0.4
yojio.xyz,0.4
marain3.xyz,0.4
kbddy.xyz,0.4
tabletsonaxxlpenis.xyz,0.4
impuissancemasculine24fr.xyz,0.4
lisinopril-hydrochlorothiazide.xyz,0.4
wonderfulanimals.xyz,0.4
archetypallineage.xyz,0.4
studioballardini.com,0.4
7teakwood.com,0.4
26122aliziacanyon.com,0.4
computrux.com,0.4
yh-enjoylife.com,0.3
mypromoreel.com,0.3
coffeeexpressusa.com,0.3
1770pacific203.com,0.3
el-waq3.com,0.3
southlakemiddlespiritwear.com,0.3
tech2bd.com,0.3
ds-hacker.com,0.3
hechakombucha.com,0.3
tcnjlionstelevision.com,0.3
ccjingtie56.com,0.3
zippers67.com,0.3
johnmurrayjr.com,0.3
expertadvisorsrealty.com,0.3
starsmilesfamilydental.com,0.3
pubudueng.com,0.3
yoursimplysocial.com,0.3
reviewyourmed.com,0.3
lotofgear.com,0.3
umcfulton.org,0.3
killarneyweavers.com,0.3
sportsliveonpc.com,0.3
laundrydetergentcoupons1.com,0.3
projecttrinity.net,0.3
nature-games.com,0.3
deserteagle.xyz,0.3
studywriters.net,0.3
imprimsupp.xyz,0.3
ercenna.xyz,0.3
guepoli.xyz,0.3
beaconhilldrivingschool.com,0.3
impuissancemasculine-fr.xyz,0.3
steemittools.xyz,0.3
insult-dip.xyz,0.3
bestcustomwritings.xyz,0.3
umibe.xyz,0.3
silicon-electrics.xyz,0.3
pillole-pererezione-it.xyz,0.3
ankaravipesc.xyz,0.3
eenander.xyz,0.3
bodybuildingmall.xyz,0.3
garancedore.xyz,0.3
avros.xyz,0.3
hentbogpdf.xyz,0.3
kuddlemom.com,0.3
billpaynemortgagelender.com,0.2
ronitachoudhuri.com,0.2
lespaulelectricguitars.com,0.2
max777club.com,0.2
lovenone.com,0.2
endomidol360.org,0.2
vippark169.com,0.2
lineageelites.com,0.2
brooklynoutlet.com,0.2
calitouchdown.com,0.2
sycamoreglenadultfamilyhome.com,0.2
sportpresse.net,0.2
dmcrrproducts.com,0.2
dwhco.com,0.2
raffaelloricci.com,0.2
carrentalvenezuela.com,0.2
insyuu-kounao.com,0.2
noticias-bolivia.com,0.2
travelmyworld777.com,0.2
plcons.com,0.2
skyflokidoge.com,0.2
alexis-services.com,0.2
apofick.com,0.2
lineage2lindvior.com,0.2
lokwachaknews.com,0.2
shreevedicwellness.com,0.2
payrollvault-moorestown-nj-175.com,0.2
portal-samara.com,0.2
superbahis866.com,0.2
techint-peru.com,0.2
halumotion-pt.xyz,0.2
flexi-bility.xyz,0.2
ukhomes.xyz,0.2
serui.xyz,0.2
chatanoniem.xyz,0.2
sokrachance.xyz,0.2
nikemercurialsuperflyfgde.xyz,0.2
ladyglifeuk.com,0.2
thehawkshop.biz,0.2
avevamocroire.com,0.2
buluobang.com,0.2
metaconstructs.xyz,0.2
onbuttan.xyz,0.2
inromco.xyz,0.2
lyh6.xyz,0.2
zubrs.xyz,0.2
prednisoloneacetate.xyz,0.2
bundangs.xyz,0.2
jeanettereza.xyz,0.2
cariry.xyz,0.2
ursprado.com,0.2
lokesewaaayog.com,0.2
kinderjoyschool.com,0.1
avenue-shop.com,0.1
solusjesus.com,0.1
amongusplay.com,0.1
nyhoy.com,0.1
nekadelamuerte.com,0.1
mre78.com,0.1
eeaa77.com,0.1
amazon-selling.com,0.1
solucionescca.com,0.1
taco-santo.com,0.1
dodikazma.com,0.1
footballtraining.org,0.1
kalinkaart.com,0.1
krusaipin.com,0.1
pureshedketo.com,0.1
baholisticfarms.com,0.1
darlingdeers.com,0.1
thaimoneysure.net,0.1
kneippverein-gelting.com,0.1
annantemaprofessor.com,0.1
lateststuff.info,0.1
mysherieamourdesigns.com,0.1
ihaathleisure.com,0.1
greatpawsdogtraining.com,0.1
spravki-mir.com,0.1
cashingathome.com,0.1
thegeorgiacitizen.net,0.1
sunmaxiptv.com,0.1
dogsdomainindia.com,0.1
innebandidos.com,0.1
ger71.com,0.1
maxfurnitures.com,0.1
pledgetounitenotfight.com,0.1
kojdesign.com,0.1
oofes.com,0.1
pureshedketo.org,0.1
carbonconstructiongroupllc.com,0.1
surejobhindi.com,0.1
sparklewithtra.com,0.1
theorangekart.com,0.1
happygut.org,0.1
healthyandjuicy.com,0.1
drdoll.store,0.1
kelmormarketing.com,0.1
loconaija.com,0.1
sieuthiduan24h.com,0.1
successweightlosssystems.com,0.1
mir-spravok.com,0.1
hugowatch.com,0.1
shambossy.com,0.1
bathroomremodelinginsanjose.com,0.1
bathroomremodelingalbuquerque.com,0.1
bathroomremodelingindallas.com,0.1
bathroomremodelseattle.com,0.1
bathroomremodelingcolumbusoh.com,0.1
latelier-ducadeau.com,0.1
takdevo.com,0.1
brotheruo.com,0.1
compri.info,0.1
salathaiaylestone.com,0.1
shradhachanana.com,0.1
koolgroove.net,0.1
saddleuppcolorado.com,0.1
writingarena.biz,0.1
smartdrivepro.com,0.1
marblecast.com,0.1
onrcti.xyz,0.1
balkanpremiership.xyz,0.1
airjordan11concord.xyz,0.1
noupeweb.xyz,0.1
tayninhshop.xyz,0.1
horseflyn.xyz,0.1
webpebune.xyz,0.1
lapirata.xyz,0.1
kazudinae.xyz,0.1
cockroachn.xyz,0.1
bjxwyx.com,0.1
dongthapshop.xyz,0.1
threehawkscleaning.biz,0.1
entraser.biz,0.1
genuinehomes.biz,0.1
1020bluebell.com,0.1
hotelier-info.net,0.1
mariobet.info,0.1
prostitutkimoskvy77.net,0.1
likemyoutfits.com,0.1
gracefmonline.com,0.1
flow-praise.xyz,0.1
combine-suffer.xyz,0.1
tickwaspn.xyz,0.1
tabletkinapotencje-pl24.xyz,0.1
tofashion.xyz,0.1
au-life.xyz,0.1
music-admit.xyz,0.1
globusvideocall.xyz,0.1
mankind-reply.xyz,0.1
ciprofloxacin500mg.xyz,0.1
thewatersnake.xyz,0.1
youandeye.xyz,0.1
politician-caution.xyz,0.1
ikuno-kiritusei.xyz,0.1
arabic-altcoin.xyz,0.1
suaongchualinhnham.xyz,0.1
bitcoin-nerds.xyz,0.1
past-last.xyz,0.1
vliegtuig-chemical.com,0.1
skyparis.cc,0.1
liveitupshanghai.com,0.1
regycoin.com,0.1
shalomempire.com,0.1
my-metax.com,0.1
medicinskie-spravki.com,0.1
yb-map.com,0
ycgkw88.com,0
myparty4u.com,0
perfetta-notte.com,0
perfect-beauty-forever.com,0
perg-ce.net,0
demistoree.xyz,0
devs.rip,0
devicemart.shop,0
digitalgoldtrade.com,0
digitalmastershope.com,0
deportesymas.xyz,0
dodryanalexander.com,0
digiestaterealmarketing.site,0
digitalworldmart.com,0
distresstohope.org,0
divalava.com,0
dwvgaming.info,0
ecomupskills.com,0
ebukajohn.info,0
ebuymore.shop,0
ecodisofia.net,0
easyytasty.me,0
elektro-fokus.monster,0
ejjshop.com,0
elitegroupclosers.com,0
elivittech.com,0
eminenceonlinebk.com,0
emarketgh.com,0
energizesuperiorprimecleanse.com,0
enydamusic.com,0
ejuanhenderson.com,0
elgatossiameses.com,0
ethanero.com,0
ericsmolich.com,0
essaysscholars.com,0
expertcoinx.com,0
ethanallin.com,0
expo-capital.com,0
expressstockoption.com,0
exipure.website,0
ezella.shop,0
esteboner.com,0
face2face-ent.com,0
fast-join.online,0
falconfertilizerz.com,0
faxer.email,0
fastmoneyearn.com,0
fastblockchain.xyz,0
fegtochi.com,0
finalpurpose.com,0
fincorpglobal.com,0
fintraprocessing.com,0
flendek.com,0
flamescoin.com,0
fmi-server.com,0
foodyoulove.me,0
fpgma.com,0
forwardfunctionaladvancedketones.com,0
forwardfunctionaladvancedcleanse.com,0
ftscontrol.com,0
freetrendingsongs.online,0
freetvsports.sbs,0
fundearner.com,0
fragrancesscent.com,0
freeselfloveguide.com,0
diabloimmortalhack.mobi,0
adhdrainbows.com,0
nevrankids.com,0
dtgonline.co,0
chanukahclaus.com,0
belezacenters.com,0
ubgrillsandsnacks.com,0
remarkables.co,0
business-pool.org,0
emilyandscottswedding.com,0
papateam.com,0
dropinfaster.com,0
artwearchicago.com,0
maryyoussef.com,0
losangelesbeeremovalpro.com,0
elainecowen.me,0
omnichannelmktg.com,0
kidsandme.net,0
limitlessapparel.net,0
heidisinsurance.com,0
replicaretail.com,0
stylemeoli.com,0
movihero.com,0
onedayclosertoeternity.org,0
dearninjas.com,0
pet711.com,0
hamsbh.com,0
shopwildwinsomeboutique.com,0
goldengoalcobras.com,0
kazaliaracalan.com,0
ismscloud.info,0
bartapratidin.com,0
pensierojewelry.com,0
eazishoppe.com,0
davabuti.com,0
ugandashines.com,0
fabrielam.com,0
mytrendyby.com,0
ireneandray.com,0
compuredesdeltolima.com,0
loveonesself.com,0
dbmsystemsinc.com,0
euphoraza.com,0
ppsogood.com,0
veterinariareina.com,0
hankedesigns.com,0
journeytothe1.com,0
esmeshoes.com,0
2tinywishes.com,0
knightshomeimprovements.com,0
receitasdoartur.com,0
vanessadayblog.com,0
johnnyaugustinefitness.com,0
chandunikhil.com,0
beyondconqueror.com,0
planassists.org,0
wwwmingcai888.com,0
geeelectricvehicle.com,0
gmkelp.com,0
triotaboo.com,0
cemports.com,0
thedeathofsnow.com,0
holly-fischer.com,0
lonniek.com,0
rtrois.com,0
cambiosparaguay.com,0
brayles.com,0
computerrepairsinwrose.com,0
milkywayworld.com,0
pomeranianloversclub.com,0
blessedcleanings.com,0
discountsca.com,0
harterpainting.com,0
donleo1.com,0
taginc-us.com,0
lojaeconomizzando.com,0
infomonedas.org,0
jt1860.com,0
k9winjoin.com,0
func4.com,0
full-hdiptv.com,0
futureskills4leaders.com,0
fuye4.com,0
dentist-smyrna.com,0
dgdisheng88.com,0
dh850.com,0
lucidenglish9.com,0
lure-go.com,0
lure-centre.com,0
lure-mall.com,0
lust-whips.com,0
lure-buy.com,0
99yh1.com,0
99yh6.com,0
99yh8.com,0
ads-ra.com,0
tyms120.com,0
randa-int.com,0
rapidinc-ph.com,0
rd0452.com,0
metatute.com,0
mikelindellforgovernor.com,0
milliondollarcourses.website,0
mindquest.digital,0
mmleeglobalservices.com,0
mohamedhirmoge.com,0
moviesufa88kh.com,0
msholfoundation.org,0
mymartemporium.com,0
myhomiesdecor.com,0
mysticpvp.net,0
mr-zed.net,0
mysenii.com,0
moviesrush.vip,0
nattykokoworld.com,0
nawza.com,0
necklacejewelrygift.com,0
neko.capital,0
netanelarussy.com,0
new9xmovie.com,0
mranggen.com,0
nerdyhired.com,0
newcrossministry.xyz,0
newsthai24.com,0
newsthailand24.com,0
nationalnurseryrhymechallenge.com,0
nichebooki.xyz,0
nokritech.com,0
nowakcards.live,0
oaex.io,0
nzlyrics.com,0
oharatips.xyz,0
ojaosjocv.fun,0
opncue.com,0
onlineevents.wiki,0
ourhealthmatter.com,0
ouid.pro,0
oyunmandalini.com,0
owenandersonr.com,0
ownprofit.net,0
ovapoints.com,0
inden-sell.com,0
inmmic2020.com,0
beautyangels111spa.com,0
betv-cn.com,0
bf-blackfit.com,0
reiwa-himeji.com,0
reparacio-placa-electronica.com,0
rgrrealestate.com,0
zubeir-zanzibar.com,0
irstaxresolutionlawyer.com,0
gym4skin.com,0
curriculoirresistivel.com,0
blueoctopussushi.com,0
astarothofexile.com,0
mudracredit.org,0
pakschoolapp.com,0
landlelitedesigns.com,0
gruppovitulano.com,0
diypaintingarts.com,0
loganwrites.com,0
nqeaxy.us,0
montesquemusic.com,0
artbyrhayes.com,0
stylofemenino.com,0
esteemclothes.com,0
janellemaluenda.com,0
ruffventure.com,0
travellpay.com,0
un59.cc,0
weddingsinsa.com,0
allforbub.com,0
nolimitstudiogame.com,0
doctorploppy.com,0
5327shafter.com,0
kalagharana.com,0
trophywigs.com,0
17727wheatfieldst.com,0
lukeflybeats.com,0
swamifarm.com,0
pwwpmi.com,0
dani-writes.com,0
deepestexpression.com,0
meganmicheleco.com,0
seguroleather.com,0
rtsdubai.com,0
dieissongarcia.com,0
simyonaerica.com,0
kgfurnituregh.com,0
palmleafmanuscripts.com,0
injectstore.com,0
magneticeyelashlab.com,0
thegeorgewedding.com,0
scotthudsongolf.com,0
sosevoluir.com,0
liocnewyork.com,0
sumptuosllc.com,0
spshop99.com,0
aquaticbazar.com,0
charlielittledesignbuild.com,0
pre-able.com,0
meghanmcdarby.com,0
pnicehome.com,0
bluerosecreation.com,0
slaygoddesslux.com,0
taigreene.com,0
kkfcmusicindia.com,0
komorebipartners.com,0
crazy-lover.com,0
mixiupaw.com,0
daotaocongnghe.com,0
gotbobamontereypark.com,0
growingsplendor.com,0
nhahangdaiphuc.com,0
onxsoft.com,0
katebres.com,0
uhost.me,0
diywebdesignkit.com,0
rktradersbrt.com,0
newmestore.com,0
alarmasxpress.com,0
pikedock.com,0
solidox-eng.com,0
bounceforwards.com,0
estacionexpress.com,0
costabraba.com,0
tatianausatii.com,0
pronitysuccess.com,0
milyydavid.com,0
pureshedketo.net,0
trap-bot.com,0
mayitotec.com,0
majeezah.com,0
tr-websites.com,0
customvending247.com,0
gaybobrob.com,0
prosadeescola.com,0
voicesofvinyl.com,0
tenishoejm.com,0
nmessah.com,0
cniduskitchen.com,0
setinstonesportpicks.com,0
scutsheets.com,0
beautylandcanarias.com,0
homegym-essentials.com,0
ibrahimtradersbd.com,0
thebladeiq.com,0
tdah-neurociencias.org,0
meb4use.org,0
thailandaquathlon.com,0
abdullahharun.net,0
gomarketingvibes.com,0
omcarzahmedabad.com,0
backvalleyoutdoors.com,0
nmhschoolstudents.org,0
dilmeda.com,0
grotto-networking.net,0
xanhonline247.com,0
presleynails.com,0
destin-days.com,0
ludola-france.com,0
twistedbarreldesigns.com,0
cursosonline-oficial.com,0
ruma-naturals.com,0
nocstoretlv.com,0
mugwort-seeds.com,0
greengoodsexpress.co,0
motwasel.com,0
hairsalonmiamilakes.com,0
giftilo.com,0
steelephd.com,0
247lifestylecoaching.com,0
montoya-wholesale.com,0
powardvending.com,0
orangelotusjewellery.com,0
lensden.net,0
neauxid.com,0
filotaksi.net,0
alkhosah-sa.com,0
orgullosamenteutn.com,0
marketerjahid.com,0
fixfreedom.com,0
dongchengjob.com,0
seasonthelayers.com,0
wwwyhz76.com,0
gangabuildcon.com,0
drewlincoln.com,0
sriraajeswarisilks.com,0
amytya.com,0
shalinprajapati.com,0
edgecomputing-oilandgas20.com,0
allisonwelch.info,0
astromedibles.com,0
tpurks.com,0
frojtee.info,0
loganbendunn.com,0
a-zecart.com,0
fermeconstellation.com,0
ts3servers.net,0
itsbusystore.com,0
rakushop.net,0
jandabonanza.com,0
eagdistribution.com,0
fortemenergy.com,0
bahiarefrigeracao.com,0
improve-life-experience.com,0
energeiainfo.com,0
komeil-ebe.com,0
kv18.com,0
tore-centre.com,0
troop106fulshear.com,0
gde-apteka.com,0
booking-2.com,0
booking-to.com,0
breakingthecycle976491007.com,0
enrou2u.com,0
msg10pod.com,0
msglow-indonesia.com,0
my5179.com,0
ru-vulkancasino4.com,0
mallorcainsolvenz24.com,0
manager2talents.com,0
mari-andre.com,0
americas-got-choirs.com,0
www105caipiao.com,0
saaraexplosiongiftbox.com,0
ipjesusevidaeterna.com,0
timetoeatthebronx.com,0
karwarservices.com,0
senzafest.com,0
rawi-icts.com,0
shinnie-bag.com,0
theindiatrade.com,0
toomanydanes.com,0
sistemataniubiva.info,0
shoppingcouponitalia.com,0
exterbact.com,0
winchawear.com,0
dolansander.com,0
goodvibecrew.com,0
munnajack.com,0
missindiabeauty.com,0
thebakerycompanyng.com,0
fitnessfuelsupplement.com,0
thecosgros.com,0
brookiecreativeco.com,0
yogaclients.com,0
watchsportshd.com,0
buyershomeinspection.com,0
learningtobank.com,0
sportymode.com,0
safetalking.com,0
bitcoinsrise.com,0
clubpreneur.com,0
comfyfrog.com,0
britfactor.com,0
interiopro.com,0
biggapple.com,0
dubaiinnovation.com,0
saasinformer.com,0
electronicsloans.com,0
andhrastation.com,0
correoelectronico.org,0
webdesignexperience.com,0
maidservicelosangeles.com,0
gamedelivered.com,0
diversifybitcoin.com,0
techiplay.com,0
purestblends.com,0
24international.com,0
thebestmortgagebrokers.com,0
everythinggrill.com,0
lovethefashion.com,0
luxurycrafted.com,0
reachyourdoctor.com,0
shaggypets.com,0
futurepaintings.com,0
greatsuperstars.com,0
avatarlust.com,0
fashioninfinite.com,0
chainunblocked.com,0
cookingsurvival.com,0
loveofdata.com,0
looksbyrehman.com,0
betguidetips.com,0
agedcarecompanions.com,0
centroimportados.com,0
rovicspersonaltouch.com,0
sizzlingyeti.com,0
amiraboutik.com,0
bestpetportraits.com,0
artificialintelligenceworld.com,0
teamgreatfoundation.net,0
sportytek.com,0
bestofcollegeeducation.com,0
motedan.com,0
getthebot.com,0
graphpanda.com,0
rampantresearch.com,0
industrialeffects.com,0
digitalnewsindia.com,0
informatica360.com,0
factwithoutfiction.com,0
instantacrylics.com,0
dorkpower.com,0
videochat24.com,0
twonker.com,0
personalgrowthsystem.com,0
dentalmouthpiece.com,0
speedpotential.com,0
digitizingsolutions.com,0
socialmediathirst.com,0
salisburyyardstones.com,0
pickyourgear.com,0
improvedhygiene.com,0
namecorporations.com,0
waytostartups.com,0
adsurveyor.com,0
wantedelectronics.com,0
selected365.com,0
importantsystems.com,0
ticketscrazy.com,0
bitcoinminer.tv,0
blingbitcoin.com,0
ghettovibes.com,0
exceedrealtyoverview.com,0
businesstaught.com,0
biginterface.com,0
ylpc5.com,0
techofart.com,0
crazyknit.com,0
nerdero.com,0
saverbenefits.com,0
pcsandmore.com,0
flashybitcoin.com,0
agrashahar.com,0
bitiqapps.org,0
qpones.net,0
okinawaflatbellytonicsale.com,0
lighterhacker.com,0
wristpros.com,0
interiorliyours.com,0
passionepescaonline.com,0
handyhomedeals.com,0
ehfarsociety.com,0
bigflipr.com,0
circadianlifestyles.com,0
supabear.com,0
urauraura.net,0
empirecanin.com,0
countryroadsempnc.com,0
dogslobbers.com,0
sch-illed.com,0
hineighborapp.com,0
wwwfa28.com,0
laikimdong.com,0
scootstreet.com,0
insurancewithshobha.com,0
overseaslanzarote.com,0
polarizado-certificado.com,0
aibrkaraz.com,0
budget-town.com,0
pure144.com,0
bigalsgourmetpopcorn.com,0
happymemoriesplaycentre.com,0
paleofitqueen.com,0
perform-fashion.com,0
beautifullydiverselife.com,0
trendsetterbeads.com,0
alchemyofmyrrdin.com,0
gmimpulsione.com,0
bludas.com,0
styledbykaiya.com,0
jonathankayemba.com,0
usefabula.com,0
doha-fashion.com,0
turkeracaroglu.com,0
eestiaeraki.com,0
vaadiwrites.com,0
beeclcleaningservices.com,0
rhoil5.com,0
deep-deep.com,0
rajkotcitytaxi.com,0
ylpc2.com,0
thesalonk.com,0
myproductweb.com,0
elrinconcitolatinollc.com,0
charransbookstore.com,0
venamievento.com,0
bhaache.com,0
skicaveshop.com,0
italyexplored.com,0
ecomfisli.com,0
hensleypartyof3.com,0
gulmohartreeresearch.com,0
pinknos.com,0
atlantagist.net,0
caninetrainingproducts.com,0
caringhandsgourmet.com,0
institutosannicolas.co,0
hamelsonsstore.com,0
zombiesuperhero.com,0
atrapadetodoya.com,0
therelaxationlibrary.com,0
familyhomescoop.com,0
pokemintcards.com,0
thebizsis.com,0
surepavedrivesandpatios.com,0
subzc.com,0
sydneydiamondrings.com,0
westchestergiftbaskets.com,0
lowlevelclothing.com,0
azimnet.com,0
casamentolaisebruno.com,0
descomplicandooenvelhecimento.com,0
mollieman.com,0
amcarrascopodcast.com,0
beesnoibrews.com,0
thecareerforyou.com,0
love-deri.com,0
lunarbomb.com,0
canamericasworldtrading.com,0
thaiscaroline.com,0
patchprojekt.com,0
jefflobbydesir.com,0
jtjarteoasis.com,0
twin-venture.com,0
storeonline23.com,0
pacificmortgagesolutions.com,0
hempysblunts.com,0
hollywoodeditingacademy.com,0
taxpopup.com,0
detail-renovation.com,0
booksofdreamsbookstore.com,0
colordigitalweb.com,0
atozpaths.com,0
shopglittergalore.com,0
iditsinai.com,0
puntopizzaravenna.com,0
gottagetschwifty.com,0
mindful-sankalpa.com,0
samkuznia.com,0
akmonaid.org,0
smplhospitality.com,0
aroradecor.com,0
gilustore.com,0
beginnenvirtually.com,0
euromoversuae.com,0
grimieproductions.com,0
health-vigour.com,0
thepondsatbairdcreek.com,0
servinstudio.com,0
thebonhamdrawer.com,0
vitrinitekcel.com,0
ay-den.com,0
hodlnames.com,0
the-solar-guys.com,0
tokatasansorlunakliyat.com,0
mycuttiepie.com,0
loretataxesllc.com,0
multicasabrasil.com,0
24calcos.com,0
amersoliman.com,0
usacelebrations.com,0
elrifinoshop.com,0
mandalgrampanchayat.com,0
bookmarketingmachine.com,0
groundcloud9.com,0
lucyskreationzbanquet.com,0
emprendimientoscolombianos.com,0
sky360innovation.com,0
lozanoneatlypainting.com,0
369tec.com,0
rajarathnamfoundation.com,0
mazobastore.com,0
onlinegamingsolutions.com,0
infinity4trends.com,0
apexsanitizingllc.com,0
memiors.org,0
thepupscompany.com,0
jinitest.com,0
centralmeteo.com,0
jmimotors.com,0
finestcleanservices.com,0
mobilecoinoutreach.com,0
1000affliates.com,0
wanderif.com,0
kitchenisle.co,0
asqued.com,0
eduplayhouse.com,0
apeselvaggia.com,0
hack-report.com,0
bulklash.com,0
alsaa-news.net,0
revitori.com,0
asxoij.us,0
suthutdesel1981.com,0
303rm.com,0
optimus88.net,0
millelabs.com,0
al-umarassociates.com,0
moniemore.com,0
storageacquisitions.com,0
modernnoeloft.com,0
azazg4.com,0
b2bmarbek.com,0
lfa618.com,0
lfa678.com,0
victory-home.com,0
virtual-cultural-complex.com,0
vote4kylepark.com,0
schnelleromanze.com,0
centred.io,0
odsrn.org,0
redrosebd.com,0
maccabienterprises.com,0
onlinemilionarios.com,0
thesecondwifeandsubculturetribalism.com,0
soundscapeuk.com,0
yrityslainahakemus.com,0
gerancainc.com,0
jb0177app.com,0
thedetoxbrand.com,0
revivefitnessuae.com,0
phantom-reality.com,0
ennovativehealth.org,0
hornoelectricos.com,0
chefswordsknife.com,0
ladysoi.com,0
reasonableplantshop.com,0
spaceworkksfurniture.com,0
colorload.com,0
rodalperu.com,0
gdlhardware.com,0
highendmakeuponline.com,0
canadamostwantedbreeds.com,0
jidoola-store.com,0
codewithmarley.com,0
seamanheatingandair.com,0
corporateoutdoorsllc.com,0
vishwasfinvest.com,0
bigsib.org,0
preguntasuniversitarias.com,0
texaslouisianacoalition.com,0
budapestbelt.com,0
pararealidadvirtual.com,0
rebecca-yang.com,0
my-monkeys-my-circus.com,0
shivelyfarm.com,0
mentegeniall.com,0
jacobchild.com,0
engineeringsolutionshub.com,0
realestateagentranchopalosverdes.com,0
naturelitefood.com,0
matureporntubesexalarab.org,0
insurancequotecenter.info,0
yassyfly.com,0
thelensdesign.com,0
joistdevelopers.com,0
vodacngo.org,0
chelsea-and-phil.com,0
ftke-usakti.com,0
cushy-cuddles.com,0
supplecreations.com,0
primo-skateboards.com,0
gabosboutique.com,0
atishaykumarjaiswal.com,0
mamunurrashid71.com,0
luxlivingfortlauderdale.com,0
wanabagre.com,0
ecocleanpe.com,0
busycollegestudent.com,0
octaviomm.com,0
wwhfreebie.com,0
coinavatars.com,0
oorloopagencia.com,0
theusawatch.net,0
ciibbc.com,0
stephaniepreston.com,0
slickandtwisted.org,0
cryptoxkai.com,0
markloken.com,0
protec-es.com,0
powerhouseboss.com,0
nikitaqueen.com,0
fortworthchiropracticadjustment.com,0
solsperm.com,0
3malgroup.com,0
9jachop.com,0
3yplus.com,0
4482rosecliffpl.com,0
451oakgrove.com,0
777-slots.info,0
a1taxexperts.com,0
a2wnaturals.com,0
adamacburns.com,0
addisondugganphotography.com,0
academia-online.digital,0
activewellbeingassociation.com,0
adilsher.me,0
aboplay.xyz,0
aboplay.me,0
aboplay.club,0
acustlev.com,0
adsucilterbaik.xyz,0
aeris.digital,0
aegisfiscallimited.com,0
agriculteur.xyz,0
ahli.xyz,0
aderabeautycare.com,0
ainvex.com,0
adsbyadam.com,0
aiaphotoagency.xyz,0
agentaliens.xyz,0
alecisp.com,0
akorgadgets.com,0
ajikodesigns.com,0
alihadartech.com,0
aliyacoub.com,0
alkhalijistore.com,0
allpoprock.com,0
allslot1.com,0
alldecorblog.pw,0
alphaglobalmax.com,0
americanella.store,0
amstyl.me,0
andrelinaplanosdesaude.website,0
akounty.com,0
aphricuticle.com,0
archivejob.com,0
apexhedgeinvest.com,0
atelook.com,0
arianne.me,0
atomsforbits.com,0
atrok.xyz,0
atlanticaccounts.net,0
atlixcayotlradio.net,0
assenble.com,0
autopology.com,0
astonish.online,0
balint.xyz,0
ballerdaily.com,0
babycakezillla.com,0
b2p-nft.store,0
badowhp.xyz,0
badro.xyz,0
ballsdeep.store,0
barcaslot.biz,0
bargainbuying.shop,0
bayclerks.com,0
bestlistedseller.com,0
bestbuyestates.com,0
besthairremovalcreamforprivateparts.com,0
bestbananabreadfl.com,0
bestwellnessng.xyz,0
betstv.xyz,0
bitcoin-fun.xyz,0
bitcapitaltrading.com,0
binismy.com,0
bimatnuoicon.com,0
bestjuicerforcelery.net,0
bitcointrademining.com,0
bestjapaneseknifeset.com,0
xun1da.com,0
zasegr.us,0
hnfra.us,0
msport77.us,0
xaopke.us,0
twnbxi.us,0
sbofia.us,0
customweddingpromos.us,0
mdnsport.us,0
welcometoplanethell.com,0
vimcimall.com,0
tom1.tv,0
innrich.net,0
tienda-utopia.com,0
kinako-everyday.net,0
kitchen24h.com,0
kmd909.com,0
footpeel-arab.com,0
forum-ouestfrance.com,0
zhangtao1778.com,0
zj-deli.com,0
hx778899.com,0
truck-us.com,0
autumniac.com,0
nemolchi.co,0
aceaphotography.com,0
wooddocok.com,0
heavenkaya.com,0
heather-hogan.com,0
minisweetp.com,0
fpvstudios.com,0
capitalsprintbn.com,0
comocaptarimoveisnapratica.com,0
moorden-concern.com,0
glacierendurance.com,0
miss-irish.com,0
bookscarton.com,0
scr99m.com,0
byemastore.com,0
modern-livings.com,0
businessunfinished.com,0
menuman.org,0
abukanabaya.com,0
zysswt.com,0
lumaelectronics.com,0
hacervaca.com,0
maiaapparel.com,0
hananal-shayk.com,0
easybuymaroc.com,0
amethystpaint.com,0
craftnsuch.com,0
novoscaminhospodcast.com,0
thehoodiz.com,0
fosexchat.com,0
becomingamobilenotary.com,0
minithe.com,0
bytaya.com,0
dotinseg.com,0
bluebonnetinvestmentgroup.com,0
nyxzaluxe.com,0
liberiprimum.com,0
zacxavier.com,0
hypnosattire.com,0
faregrid.com,0
somarplace.com,0
ngdmedicalwear.com,0
dreamdz.net,0
mabdesignz.com,0
diehaushaltshilfe.com,0
meryjanechile.com,0
munayessence.com,0
floretapaci.com,0
squizlink.com,0
bsluxfashion.com,0
deryschatsiek.com,0
cuntsgivingbirth.com,0
useplanahead.com,0
mrsmillennialmama.com,0
adarshhomoeopathy.com,0
agaveantiguo.com,0
rendapravoce.com,0
kibatrack.net,0
vapegearbd.com,0
bestlevelgroup.com,0
digitalajp.com,0
lisamindbodysoul.com,0
andersonmasterbuilders.com,0
wildelan.com,0
qualityservicesofchicago.com,0
eugenioandrade.com,0
bethatcompany.com,0
harmonycort.com,0
sresrafitness.com,0
bailsmedia.com,0
fenyobricks.com,0
translation-ch-en.com,0
cheiroderica.com,0
the4pets.com,0
weimen-group.com,0
spravka-market.com,0
spravka-mir.com,0
spravka-peterburg.com,0
spravka-spb98.com,0
spravki-neva.com,0
spravka77.com,0
spravka78.com,0
spravkamsk77.com,0
sprawka-in-moscow.com,0
blackthumbfoundation.com,0
blackthumbmarketplace.com,0
bringuhealth.com,0
brightlyside.com,0
boomvisibility.net,0
boostyourprofits.net,0
breakthroughportraits.com,0
buildmyonlinereviews.com,0
bstiptv.xyz,0
busdbox.finance,0
businessaudio.pro,0
buymobilecover.shop,0
californiascreditrepair.com,0
cakiem.xyz,0
canadianmuiscnews.com,0
carpantaburguer.com,0
canof.monster,0
catherineannemacneil.com,0
casinoforumu-1.com,0
casinobooi2.online,0
ccsgoldbar.live,0
cdigital.me,0
cellxrenewal.club,0
cherryservices.xyz,0
choclitos.club,0
chiselledbodies.com,0
chulavistasportsmedicine.com,0
clickinbio.link,0
clientless.io,0
clientfile.us,0
coffeetabledecorations.com,0
codformula.com,0
conejetescrypto.com,0
connectt.club,0
cpaofferz.com,0
cozypoochbed.com,0
cryptatoez.com,0
crypto-springs.co,0
coffeeandtravelmugs.com,0
customizeagift.com,0
cryplive.com,0
danthomas.website,0
dealstruck.ltd,0
decowall.shop,0
davesbargainbarn.com,0
deepakdhamuria.online,0
universevideo-shop.com,0
mysquidmall.com,0
nuvarbeauty.com,0
growthstreammarketing.com,0
cptmik.us,0
jprofoto.com,0
wasserschneider.com,0
anyscleaningservices.com,0
hamancameroun.org,0
konubasketbol.com,0
herquintessential.com,0
elviajedealuna.com,0
bmfscreditrepair.com,0
khnmch.com,0
southsidetacosaz.com,0
828411.com,0
videosporno7.com,0
wtiger168.com,0
echoparkinstrumentsmi.com,0
theplazacafeblackwood.com,0
shopjahiz.com,0
sonhariomart.com,0
kunitachibi.com,0
marketing-mark.com,0
chungcuimperiasmartcitymik.com,0
yochan1977.com,0
morich117coupe.com,0
toptraderfxt.com,0
documenti-online.com,0
lcbetel.com,0
erleads.com,0
ebuynowpayless.com,0
florcastillo.net,0
welshcorgisoftexas.com,0
merakdesign.com,0
conroylaw.us,0
condumexjalisco.com,0
elusivethelabel.com,0
saiblesshotelsnresorts.com,0
christinol.com,0
tillyntally.com,0
vienabeauty.com,0
joinranaesteam.com,0
thetestserieshub.com,0
zappiers.info,0
jadypie.com,0
centralcoastcarpetcleaner.com,0
jim4life.com,0
angellyk.com,0
telpochcallirobotics.com,0
mepejogroup.com,0
zerandojogoscomwest.com,0
venieceantoinette.com,0
thepicnichub.com,0
bagnsupply.com,0
visitcocha.com,0
voamoda.com,0
techmarkline.com,0
telugusongslyrics.net,0
river-say.com,0
ant-dragonmy.com,0
aqd096.com,0
aron-hop.com,0
hc-anismsal-hesalth.com,0
hdcam18.com,0
jim-laney.com,0
designsbychrissy.com,0
lolasprofesional.com,0
custommaintenanceinc.com,0
homeoftables.com,0
olearypt.com,0
insolitebaby.com,0
evanandshae.com,0
kiddohive.com,0
francescosloans.com,0
skillanalytic.com,0
spandanhospitals.com,0
clinicaenhouston.com,0
medfacil.net,0
855747.com,0
buholetras.com,0
zannahandbheeshm.com,0
simplykitchenco.com,0
easy-better-life.com,0
scentfrom212.com,0
sangovinhson.com,0
siteoficial-saibamaiss.com,0
ramiroortizmayorga.com,0
proteamnet.com,0
prashantphotos.com,0
hair-loss-treatment-us.com,0
beautifulnow-official.com,0
cmb-banca.com,0
ebonyporntubesexalarab.org,0
modernsling.com,0
oklevuehanac.net,0
98tillinfinity.com,0
internationalaward.org,0
logika.me,0
missionrootedconsulting.com,0
ahatelecomp.com,0
whhdjz.com,0
tunegociowebec.com,0
nutraaceketo.net,0
onelife-crypto.com,0
litwallpaperhd.com,0
takecare-app.com,0
sadarbazr.com,0
realspareparts.com,0
twain239.net,0
bigother.co,0
getprostore.net,0
nicchit.com,0
farvira.com,0
oralpanda.com,0
katwedsshaan.com,0
anashut.com,0
luxembourgoutdoors.com,0
carolinaamerico.com,0
fr-dermacare.com,0
moneyboom-ua.com,0
leidytatianapalaciosmayorga.org,0
carsc.net,0
czeslawalistwan.com,0
omercadolocal.net,0
prashantweb.com,0
inpursuitofthefinerthings.com,0
emeldazagu.com,0
underwoodpropertymanagemente.com,0
dobro-pol.com,0
dokanstore0.com,0
doru2.com,0
reviewproduc.com,0
dianavertus.com,0
invitromusic.com,0
bobkacampbellwedding.com,0
nowchoiceaccountingmastersdegree.info,0
vedicphilosopher.com,0
concreteconstructionllc.us,0
elizabethandjeremyklipstine.com,0
discoandmoore.com,0
vitalitykicks.com,0
squaresglobal.com,0
maquinadosopticos.com,0
122oliva.com,0
cindysangiovannipsicologaroma.com,0
truelightlincoln.com,0
movingwithe.com,0
kichistudio.com,0
uprighthomeinspection.com,0
harmoniouscenter.com,0
sanjanamelody.me,0
moroccan-tourism.com,0
elmensajerodepapel.com,0
redmond-appliance.net,0
alsabeq.com,0
virgenchaco.com,0
jackzaffos.com,0
drunkbytuesday.com,0
edil-work.com,0
inoapoke.com,0
paraevolution.com,0
fabricadetejas.com,0
6116shood.com,0
epacksphilips.com,0
paroxm.com,0
devmpn.org,0
juliemclain.com,0
webdollaritalia.com,0
blackfalconmultinational.com,0
praktikando.com,0
qvablog.com,0
grupoalfamedios.com,0
khuyab.com,0
nobuttmonkeys.com,0
regalchante.com,0
paradisejewelsco.com,0
nncoding.com,0
tometoshop.com,0
thedinnerclubbury.com,0
sunnertowers.com,0
ashleyfarmhoa.com,0
odjofficial.com,0
fukugyosaikou.com,0
ntavpd.us,0
wwwhh615.com,0
electrickarma.net,0
v874888.com,0
rangtarangtattoo.com,0
sticktimeapp.com,0
jenniferreineysellshomes.com,0
pslefocus.com,0
wkmadeirastorneadas.com,0
niccosmetic.com,0
big-tones.com,0
marcydarcyy.com,0
pchsdatascience.com,0
embellecete.net,0
daremeapp.com,0
enews16.com,0
guadress.com,0
daily-wish.com,0
ganokaydi.com,0
japaneseporn1.com,0
altuswell.com,0
legendaryjerkycompany.com,0
wanhong321.com,0
casatravigne.com,0
free-cellphonetracking.com,0
007koreangirls.com,0
020snsn.com,0
033825212.com,0
12081ivyway.com,0
12236lakeferndr.com,0
128khandallahroad.com,0
164bartoniacir.com,0
168yy7.com,0
alamfarid.com,0
mesheher.com,0
diesesalesau.com,0
saleskecherjp.com,0
spdjyesosmo.com,0
hongdafoods.com,0
3005wpricerd.com,0
aleksvujicic.com,0
gamedaycookware.com,0
bakeradministratorservices.com,0
dressboutique.org,0
kalawnny.com,0
matthewangelocreative.net,0
luxe-store.com,0
its-eureka.com,0
almazanhomes.com,0
spacelive.co,0
gulfshoressurvey.org,0
gulfcoastcastle.com,0
bookamyandsavannah.com,0
scubavanuatu.com,0
ourfavouritefword.com,0
queenslandinternationalschool.com,0
datnencangphumy.com,0
unbrandedcreations.com,0
ellevit.org,0
manisacicekcisi.com,0
beertheredrunkthat.com,0
happydrugdealer.com,0
rgmantos.com,0
www98s.com,0
christyward.com,0
podhigaikart.com,0
dinocrazynft.com,0
yanginurunleri.com,0
sventhorndesignerclothing.com,0
ushypermarket.com,0
becaboutique.com,0
allwshl9dotcomm1.com,0
wifaqnews.com,0
alphasenate.com,0
exercitoeucarsticodospequeninosdaimaculada.com,0
dfshelp.com,0
iporybrown.com,0
goeletronicos.com,0
illegalthebrand.com,0
texaswoodshedcreations.com,0
pugnomonferrato.com,0
alfalahinternational.org,0
crossfamilyclinic.com,0
bernardodartagnan.com,0
coyrealtyservices.com,0
worksque.co,0
corduroypoboy.com,0
lanovelamasantiguadeciudadjuarez.com,0
riot-active.com,0
mallsational.com,0
lunaglassware.com,0
htxbows.com,0
jashanlashes.com,0
mylilcloud.com,0
bonafideadvertising.com,0
saveabikerkarels.com,0
scalingfunds2.com,0
schaefer-betriebseinrichtungen.com,0
schornsteinfeger-luenen.com,0
schornsteinfeger-werne.com,0
casinos-recommended.com,0
tienvii.com,0
top-casino-patrul.win,0
tonweak.com,0
toyfit.club,0
tradebitearn.com,0
toptizer.com,0
transcribr.io,0
traveland.one,0
trendswall.com,0
trinityfamilyservices.net,0
trevorkirpaul.com,0
trebleswin.com,0
trust-company.live,0
tryharold.com,0
tuntina.com,0
uiblast.com,0
undercarrige.com,0
ufukcankurt.me,0
uniquexz.xyz,0
uniquegifton.com,0
unitedoilseedproducers.ltd,0
unitedpatriotsng.com,0
upspremium.org,0
valkotupa.xyz,0
validomain.com,0
uzairscanvas.com,0
uncommonfamilygifts.com,0
venusdevaldivia.com,0
velalawoffice.net,0
velicaofficial.shop,0
velocityvision.net,0
videohub.club,0
vidsprime.com,0
virtualmetaphysicalexpo.com,0
vntvd.com,0
wazzalo.com,0
vv3design.com,0
wemetauniverse.com,0
wemovierulz.com,0
wecuehe.com,0
wholyfitness.com,0
willywillymusic.com,0
winteronics.com,0
worldplaner.com,0
webpaqe.com,0
xe88wallet.com,0
yinren.me,0
yourdatingsites-ireland.com,0
yeecorp.org,0
youlandz.shop,0
youdates.fun,0
allaaris.com,0
cardiganqueen.com,0
wahsatchmodeltrains.com,0
paudelelectric.com,0
smmartbd.com,0
softaksolutions.com,0
cryptocurrencyclinic.com,0
digitalpanbanking.info,0
remingtonheights.net,0
www38yi.com,0
attendn.com,0
betsbahis17.com,0
whbadikothi.com,0
cotteswold.com,0
daveyerrandske.com,0
vancefamilyrescuedogs.com,0
menluxco.com,0
nstyleproducts.com,0
insurcybers.com,0
georgestraitpinnaclebankarena.com,0
sulejmanije.com,0
northocaps.biz,0
rejoinernow.net,0
kozyroom.com,0
whiteheritagetraining.com,0
vinceroworld.com,0
amanda-jonathan10-1-22.com,0
mnpwrwiotutistrn.info,0
delightfullydisturbing.com,0
chaosandwitchcraft.net,0
serajh.com,0
jaibrandon.com,0
thechens2021.com,0
sanfillmoe.com,0
lifelinecares4you.com,0
freedomfear.com,0
krithikabalaji.com,0
ramartsindia.com,0
cryptofuturesignals.com,0
niatlinkus.com,0
savaretrade.com,0
selectuniversal.com,0
laterrazafc.com,0
baianamente.com,0
swalazm.com,0
thewalletedit.com,0
1919page.com,0
static-studios.com,0
byrdsaviary.com,0
trouvercougar.com,0
holi111.com,0
cityofbudz.com,0
plushneedles.com,0
bernardtavares.com,0
leatherjee.com,0
aromatherapyworcester.com,0
intramarbella.com,0
larulamps.com,0
ryankathleen.com,0
climatewomenleaders.net,0
kx619.com,0
ioi12.com,0
isa-elektrotechnik.com,0
iw9w.com,0
jardin-rent.com,0
kkali72.com,0
grupoprosec.com,0
itsonkel.com,0
websitehostingtop10.com,0
nawwtea.com,0
geweesthete.com,0
lgautosalesinc.com,0
truckercoin.org,0
homeloaneliminator.net,0
kaitlynwalkeractor.com,0
daughter-of-zion.com,0
tiicaza.com,0
gracepointedover.com,0
gracereignschools.org,0
kings-canvas.com,0
nexrolegaming.com,0
voiceoffarmer.net,0
aprendomaspro.com,0
votregifts.com,0
ngocphithuyvyan.com,0
beleavesreliefcbd.net,0
diabetesneedhelp.com,0
rahulkr.com,0
536815.com,0
zionautomotivegroup.com,0
oliviaandolivejewellery.com,0
mocktrialproductions.com,0
mkvconsultingllc.com,0
almitv.com,0
kzavoutdoor.com,0
finanzaselsalvador.com,0
servicos-soliciteja.com,0
lovebirdforever.com,0
help4mentalhealth.net,0
freelancershikha.com,0
dharanigrocers.com,0
antepnet.com,0
losslesspower.com,0
aloisogum.com,0
jennerstownvfd.com,0
jzglobalsouring.com,0
hobby-tut.com,0
danein.com,0
zaimk.com,0
fanmodsapp.com,0
abudhabivapes.com,0
fleekcomfyboots.com,0
merqaq.com,0
digiproze.com,0
reynaldoromerotours.com,0
sparsucht.net,0
laiyajewels.com,0
hinzees.com,0
vnemail247.com,0
jbennettrealestate.com,0
wildboa.com,0
avestalk.com,0
malaysheth.com,0
lojahemersoncastro.com,0
highpreventionsecurity.com,0
kickboksmuaythai.com,0
textnt.com,0
topremotely.com,0
milovat-possible.com,0
fibanosun.org,0
jerkyjims.org,0
doggietoothbrush.com,0
panalytics.info,0
papas-ks.com,0
personaldevelopmentsuccess.com,0
pesanan2u.com,0
payminto.com,0
pauloaurino.com,0
paulcanwrite.com,0
photographytipsdaily.com,0
pcgameranger.com,0
phplayacaracol.com,0
pinargoteacademy.com,0
pierobarrantes.com,0
pollza.net,0
pontefitness24.com,0
porn-wiki.net,0
powerwordworshipcentre.org,0
popularscoop.com,0
printcosy.com,0
printedshirt1.com,0
primecelebs.com,0
providentialstudios.com,0
proplus.store,0
propertikotabekasi.com,0
pumpking.cash,0
qcodei.com,0
qhzarte.com,0
rainbowbooklets.com,0
rainbowkid.shop,0
realtybondhub.com,0
relaxationboutique.com,0
registerjob.com,0
recreationalvehicles.org,0
regulartel.com,0
rewarded.site,0
reviewtroop.com,0
realtormediadesigns.com,0
roknaldeka.xyz,0
retriggervigor.com,0
rugdev.com,0
ryoshiba.net,0
santablessings.com,0
santayanez.com,0
learningtoridethings.com,0
nem3zis.com,0
syntonetechnology.com,0
royalpalaceconsulting.com,0
websitecomprasonline.com,0
51ylex.com,0
ner-ev.com,0
zhongshenmeili.com,0
sh-oushuo.com,0
dzirashop.com,0
clearvitality.com,0
stoneforcemasonryandpaving.com,0
documentar.info,0
artisansofvenezuela.com,0
harshclinic.com,0
wowcarryboost.com,0
ellieandlou.com,0
btc-crue.com,0
shopomc.us,0
riecpro.com,0
livingstonesapparel.com,0
wisdom-money.com,0
gotourwine.com,0
thebrigadeorchards.com,0
higherlivingcbd.com,0
naughut.com,0
mandysguide.com,0
goldezgroup.com,0
rocknrolldelicious.com,0
coitmichel.com,0
qciedf.us,0
ite-agencia.com,0
xescrito.com,0
glamourthemakeuphub.com,0
khachsan.biz,0
styllus2go.com,0
crimsonhs.com,0
wepplet.com,0
allureamoure.com,0
shakkh.com,0
kamajistore.com,0
hackthestyle.com,0
brandhoarder.com,0
allmadecents.com,0
projectsph.com,0
seniortimeonline.com,0
adamgoodpasture.com,0
bangkoknano.com,0
blankslatebeauty.com,0
6969gag.com,0
gameatto.com,0
karyashangnagapack.com,0
role-reversal.com,0
letsgoshirts.com,0
possesslesslivemore.com,0
arconfiancacertificados.com,0
diadelasfresas.com,0
bonwaydirect.com,0
bonchuacomposite.com,0
thedailybasketballblog.com,0
kmbhou.us,0
sugabearscrubs.org,0
ncnservices.org,0
urbar-products.com,0
teqobutik.com,0
oxlic.com,0
mamashomemadecookies.com,0
ostrichfitness.com,0
atlantimagia.com,0
educationnewsalert.com,0
ristorantetotoepeppino.com,0
www11171117.com,0
dialumtutor.com,0
thestingbaseballclub.com,0
molinagraphicdesign.com,0
dodososolls.com,0
lachispadelglamour.com,0
powerofdefense.com,0
phynasstore.com,0
rpservis.com,0
nisowpro.com,0
universodeutopia.com,0
up-town-living.com,0
mmempreendimentosdigitais.com,0
videoconmiddleeast.com,0
thanhhoaflamingo.com,0
groerconnection.com,0
comparison-excitation.com,0
congregacional34.net,0
psicologia-pediatrica.com,0
qcmr88.com,0
qe2handbaghardwaremore.com,0
qiukk78.com,0
apexnews24.com,0
gtabestdeals.com,0
madgyalstore.com,0
2kcreatives.com,0
klonowski-uebersetzungen.com,0
suasaudebelezaebemestar.com,0
sanma-kan.com,0
braddukeart.com,0
organicarepets.com,0
trainupachildtuac.org,0
krishnagarprabhatsangha.com,0
blitzfallinvitational.com,0
asiyahorg.com,0
kabirdoha.com,0
martiancorner.com,0
lash-cult.com,0
maicyjo.com,0
consultoriafranchising.com,0
touchesantafe.com,0
currenthealthnow.com,0
vishainternational.com,0
sexmoviessexalarab.org,0
naikspringfield.com,0
bestofduniya.com,0
lmhousebuyers.com,0
amazefitnepal.com,0
cosmindumitru.com,0
embroiderycraftsandmore.com,0
rahulsubramaniam.com,0
cancercareegypt.com,0
krupun-easyonline.com,0
schnelle-romanze.com,0
haberclas.com,0
nutshousedryfruits.com,0
storemariah.com,0
nowselectaccreditedonlinedegrees.info,0
choicenowdentalimplantsquick.info,0
kobirazbari.com,0
goldnailspa.com,0
juancarlostravecedo.co,0
karerimountain.com,0
star-future.org,0
meirenf.com,0
restitchy.com,0
joshisumo15.com,0
ari40fabnfine.com,0
koikephotographyllc.com,0
thamilaetulio.com,0
sublime-mode.com,0
selinaswim.com,0
alexiusanime.com,0
vitamenscandy.com,0
doremeco.com,0
ticlos.com,0
capinsurancebrokerpr.com,0
undergroundchefstable.com,0
sqsurgical.com,0
yourrealsocialblog.com,0
partnersbydesign.us,0
aarnapower.com,0
accountssearchesoptionsnow.info,0
gdovinternational.com,0
decarbonizebongaigaon.com,0
blackmountaintech.com,0
1620thebrightside.com,0
onyxmoderndecor.com,0
ssvpwrsjc.org,0
francomaranivideo.com,0
kudoca.com,0
ethnicfoodsgroup.com,0
punarnavawellness.com,0
industriesperiod.com,0
patron-distro.com,0
senwanders.shop,0
savetherhino.xyz,0
shafuu.com,0
shajalahmed.xyz,0
scarsoflifemw.org,0
secureo138oe.com,0
shopivas.com,0
shopjdshoes.com,0
sewwithkaffy.com,0
shower-drains.com,0
shopphilia.com,0
siptvuhd.com,0
sialtv.xyz,0
simatechs.online,0
simplemargin.biz,0
singhpawank.me,0
slinehorse.com,0
sillycosplay.com,0
shoplolmobile.com,0
smartwalletshops.com,0
smartprocoinmax.online,0
skajoiqw.fun,0
smartersiptvplayer.com,0
solosplay.com,0
soypodologa.com,0
shoppingclickperu.com,0
spendsquad.store,0
squidnock.com,0
spookyreaper.com,0
squidird.com,0
standupdeskstore-20.com,0
startonlinebusinessfromhome.com,0
stateequalityproject.com,0
stmpnlike.shop,0
stkm4u.com,0
strandsrus.com,0
strategicpartnerseood.com,0
stoogecommunity.site,0
stoolify.online,0
stellingparrotshome.com,0
superiorchargeback.org,0
superheroesforamerica.com,0
supermercadoglobal.com,0
sync-loan.com,0
taryntherealtor.com,0
tcut.link,0
technologymood.com,0
teamet3rnal.com,0
teesay.com,0
techsnax.me,0
techyfunnel.com,0
tepapaku.com,0
thecashflowgod.com,0
thegiveagift.com,0
thechristworkplace.com,0
theadhanah.com,0
thehandleragency.com,0
thejourneytips.com,0
thefourem.com,0
themummydiaryuk.com,0
theswordstudios.com,0
theornate.co,0
thingsona.website,0
funnelsgrow.com,0
fureverpet.shop,0
fuseliving.net,0
futnewsletter.com,0
gilmanallison.net,0
giljot.com,0
giveagift-store.com,0
givenbuthealth.xyz,0
gate4fun.com,0
gettidetimes.com,0
getsaveourgirls.com,0
glazg.com,0
gnowak-lawfirm-us-intl.online,0
goodkeywords.io,0
gophilosophers.com,0
gudangdprd.info,0
guidemass.com,0
guelphauctions.com,0
hakimalarab.com,0
halaestore.com,0
handmadeleatherproducts.com,0
harbourbridgelogistics.com,0
hdesignshome.com,0
hd24ontv.xyz,0
henrysmithmarketing.net,0
herbszone.xyz,0
holens.wedding,0
home4maltesepuppy.com,0
homecreation.store,0
hosank.online,0
hostingate.net,0
hostquorum.com,0
hotwaxbeerandrecords.com,0
housebrand.shop,0
houseofmacbeth.com,0
houstoncreditrepairs.com,0
idealhomedesigns.net,0
ileanarodriguez.net,0
indiansatolympics.com,0
infinityfiles.xyz,0
injectorelle.com,0
insurancegunainc.com,0
inspiredfunnels.site,0
intercapitalfx.ltd,0
interactivecv.xyz,0
interviewmanual.com,0
iptvs4k.com,0
investigasifaisal.com,0
irisfinancelimited.com,0
ispeedbox.com,0
ismybin.com,0
jakezauner.com,0
jalanandcompany.com,0
jaydendiaz.me,0
gamerbd.xyz,0
galaxykats.com,0
stylecuir.shop,0
innlead.tech,0
movierulzlink.fun,0
barbis.shop,0
pusatpulsa.xyz,0
paynplaycasino.online,0
cropbuster.com,0
dbkfg.net,0
roburfoundation.org,0
mercatodiversificato.com,0
squidnoow.com,0
estrategiainformativa.net,0
kitchenaid-outlet.fit,0
aesthetegraphicsco-stickers.com,0
kitchenaidmixer-sale.com,0
best-kitchenaidmixer.me,0
softmavens.com,0
sihanofficialstore.com,0
avedamediahouse.com,0
rahasiaparascantik.com,0
indomedicalfactory.com,0
cocoprocess.com,0
halabikom.com,0
mahdemobl.com,0
iconible.com,0
adpworks.com,0
click-buy-click.com,0
thereefingreefercorals.com,0
aprendercoreano.top,0
dnspropagation.online,0
prirodniny.online,0
elegancebpi.com,0
nacionanimanga.com,0
fianoanthonio.com,0
dahlstrom-usa.com,0
d31emprende.com,0
ddf1f.com,0
deepf1.com,0
fb7m.com,0
filtec-diffuser.com,0
niche-touch.com,0
jerrygiebeig.com,0
jearlover.store,0
juraganprediksi.xyz,0
kbdrealty.com,0
keenanndspencer.guru,0
kenhphunu360.com,0
ketodietspecialist.com,0
kellyservicespro.com,0
kellybraschinteriors.net,0
kichdaimi.net,0
kissasians.watch,0
kingscapital-investment.org,0
kuthienhavn.club,0
kukmu.space,0
lafinestore.com,0
lacreditrepairs.com,0
laija.jewelry,0
laptoplifestyleideas.com,0
learnaccounting.org,0
leonaoen.store,0
landing-tf.com,0
letsgooobrandon.com,0
letsgobrandongaming.com,0
lightvipertee.com,0
lillanky.live,0
livejasahoki.com,0
lizinterior.com,0
londongalore.com,0
lofustore.com,0
loonahentai.com,0
loosy.xyz,0
lonestar-guide.com,0
luberminefinance.com,0
luxefurniturestore.com,0
madobit.com,0
maakol.shop,0
madtjar.com,0
mafrshop.com,0
makadiredsea.com,0
loprerywu.club,0
lordfilms.cam,0
marocishop.com,0
marccket.com,0
mayspinheirocorretora.website,0
maxxupp.xyz,0
mathematx.com,0
martspree.store,0
meedshoops.shop,0
megaxh.xyz,0
medinvasiontech.org,0
medicusclothing.com,0
meghantours.com,0
meimeise6.com,0
meta-jeuxvideo.com,0
merkury-stop.monster,0
merkury-stop.shop,0
meamliar.com,0
metaadvancement.com,0
metaavn.com,0
jiamicoin.com,0
job4u.monster,0
online-radyo.com,0
outlet-grandi-firme.com,0
erf910.com,0
etf247.com,0
etudier-enfrance.com,0
euro-tab.com,0
bus2sell.com,0
by3399.com,0
calcul8t.com,0
canadagoose-romania.com,0
legalstudyonline.com,0
securethemic.org,0
wwwcf678.net,0
wwwzg68.com,0
squidleaks.com,0
904erichave.com,0
survivorselfcare.com,0
sector-52.com,0
rosesgemjewelry.com,0
visionmaxhd.com,0
smartchoto.com,0
thefunctionalwellnessrn.com,0
yasunincocialtda.com,0
setaengineering2020.com,0
josemiguelblancoalcaraz.com,0
wellnessfeature.com,0
womenvan.com,0
shop2dealer.com,0
ukitaliandesigns.com,0
childintime.net,0
raffiathelabel.com,0
usakicksllc.com,0
rikofromgermany.com,0
art-in-photography.com,0
shopgaloretrap.com,0
rjotus.com,0
washingtoncbdpost.com,0
granhq.com,0
houstonhrtraining.com,0
gryafcollection.com,0
renewededu.org,0
carnextautomobile.com,0
7299b2.com,0
wwwfa8888.com,0
cossiclothess.com,0
ecommerceedubrands.com,0
xu0930.com,0
seventhwavemediagroup.com,0
caminoems.com,0
gestunjabodetabek.com,0
ecamcareers.com,0
afelicita.com,0
arionresearchcenter.com,0
thelordscorner.com,0
jsreay.us,0
procarelandscape.net,0
restoredtreasuresradioshow.com,0
domainrax.com,0
focushousing.org,0
55review.com,0
wwwcplm888.com,0
pktimes.com,0
anivekkitchen.com,0
bec-ko.com,0
greatersacgroup.org,0
hokenms.com,0
messymagnificentlife.com,0
arabgra.com,0
handymancantonment.com,0
instifp.com,0
factorve.com,0
greenhorse-us.com,0
mirastore1.com,0
mohtrefiptv2.com,0
scxw8.com,0
sds020bestagro.com,0
sdshamparan1.com,0
seminariointernacionaldegenero-fuerzaaereacolombiana.com,0
semenarnia-shop.com,0
semenarnia-shop.net,0
animalerieshop.com,0
blayda.com,0
xeam.me,0
devmmx.com,0
filigreecastle.com,0
agc03.com,0
gamehay99.me,0
bokexieshou.com,0
shoppingmella.com,0
nitroinvestment.com,0
habacart.com,0
clinicthrive.com,0
coinrich.me,0
pragmaticqueen.com,0
zz24h.com,0
zz24.xyz,0
zudreamholidays.com,0
ytadmastery.com,0
yscarloan.com,0
zenpex.online,0
zeejmagazine.com,0
youreport.org,0
yourhostingsheap.com,0
ourblairfamily.com,0
sexyspell.com,0
abujeib.com,0
get-laid-ads.net,0
modernharstylers.com,0
qxar.xyz,0
prostitutkivorenburge.bid,0
silversongtravels.com,0
hgmjc.com,0
capitaltowingdc.com,0
gzaiobaoyang.com,0
trg2019.com,0
wsucougarsjerseystore.com,0
pmqmy.com,0
macwebdev.com,0
savourtheokanagantours.com,0
x-off.com,0
gtf-capital.com,0
cedroroyal.com,0
theurbanfixer.com,0
electricien-monaco.com,0
roadsidelabs.com,0
insightengineeringbd.com,0
blogsuckhoemoingay.net,0
trendpolish.com,0
clubpolish.com,0
microstride.com,0
ainprotidin.net,0
tampametalroof.com,0
factfluent.com,0
mimingan.com,0
4dcaipiao.com,0
dougryanhomes.com,0
fs14.xyz,0
ampg.info,0
polishbay.com,0
bedsidetech.com,0
1288399.com,0
defondoreducido.com,0
yezheng.pro,0
66yun102.xyz,0
paktradersgwadar.com,0
luancaicai.com,0
28xhktkv.com,0
bentlogistics.com,0
acptxoal.com,0
egawh2nl.com,0
1l96cu30.com,0
ssuesucy.com,0
orwd2c6c.com,0
qqdrudbm.com,0
ahhhpatx.com,0
zmy9jgf0.com,0
dh0rellv.com,0
tiervertreiber.net,0
bathroomremodelingphoenix.com,0
babyvaan.com,0
bathroomremodeltulsaok.com,0
bathroomremodelingoklahomacityok.com,0
bathroomremodelbaltimoremd.com,0
bathroomremodelingwashingtondc.com,0
bathroomremodelinglouisville.com,0
psychotherapyiscool.com,0
rinashops.online,0
bathroomremodelingindenver.com,0
bathroomremodelinatlanta.com,0
bathroomremodelinginmiamifl.com,0
bathroomremodelinginsandiego.com,0
bathroomremodelingtucsonaz.com,0
1tyc6666.com,0
bathroomremodelingcharlotte.com,0
bathroomremodelingminneapolismn.com,0
bathroomremodelingstlouismo.com,0
bathroomremodelingtampafl.com,0
bathroomremodelingomaha.com,0
bathroomremodelingorlandofl.com,0
bathroomremodelsaltlakecity.com,0
bathroomremodelsacramento.com,0
bathroomremodelingindianapolis.com,0
enotlar.com,0
arqdesignhazel.com,0
yungthongresort.com,0
beautifulpearlsaccesories.com,0
modernmovez.com,0
whstocks.com,0
pawellyskawinski.com,0
otiema.com,0
fullflowerbc.co,0
aksharban.com,0
1310fillmore.com,0
infoworldlimited.com,0
ralinaamulet.com,0
bikecyclyng.com,0
pixerrlexserve.com,0
freepornmoviessexalarab.org,0
planetapeluches.com,0
zgzjbl.com,0
ms19-hinet.net,0
rollingmeadowssealcoating.com,0
esqautomate.com,0
latinaendallas.com,0
enjoyrentcar.com,0
giftedhandslifecoaching.com,0
aitheology.org,0
varelapmd.com,0
drop7store.com,0
simply-mail.com,0
zoom2pm.com,0
heiferhead.com,0
happybirthdaydiscounts.com,0
pluspeter-staging.com,0
pro-temsolutions.com,0
centrocomunitariomakueni.org,0
cnint.cc,0
miscelaneadeleon.com,0
mascotasfood.com,0
araucaria-bois.com,0
best10-apps.com,0
curiososplus.com,0
vipbot.xyz,0
elitetech.cc,0
mythirdgift.com,0
scangal.com,0
sagepals.com,0
kkpy695.com,0
teamgran.com,0
looways.com,0
decoratecake.net,0
wanisshieldout.com,0
trustyjerk.com,0
baikuntukanak.com,0
apparatus.buzz,0
alien-beauty.com,0
sagearea.com,0
ditnation.com,0
corplike.com,0
ridtalk.com,0
raildot.com,0
portroll.com,0
netlice.com,0
factbuild.com,0
factring.com,0
cityrid.com,0
famehop.com,0
finerail.com,0
radersite.com,0
applinks.top,0
stagetel.com,0
matpaper.com,0
tonesage.com,0
greenhousea.com,0
bandbuyer.com,0
renegadea.com,0
primetimea.com,0
sagedir.com,0
burrerdesign.com,0
levsaland.com,0
jnmi.top,0
vxar.top,0
gvnc.top,0
defencebuoy.com,0
gibq.top,0
buencure.com,0
christmasget.com,0
ballsight.com,0
mintspots.com,0
mutchl.com,0
kufnel.com,0
veloxtechnologysa.com,0
bachhoaxanhhanoi.com,0
highenda.com,0
aenewshop.com,0
gogrowce.com,0
faulde.com,0
efvq.top,0
elviajeporelmundo.com,0
qeenu.top,0
priveralimited.com,0
independencea.com,0
thoitrangnucaocap.info,0
matoninvestments.co,0
noob2.pro,0
mesrasolat.com,0
thegenis.com,0
firstgenis.com,0
pflitl.com,0
swiftil.com,0
warmtime.top,0
yonedge.com,0
wistfuli.com,0
znzpremieradvisory.com,0
zhastys.com,0
qbrisks.com,0
xagilec.com,0
hnimble.com,0
sinoleen.com,0
nativedoge.com,0
dootobe.com,0
lorello.info,0
leepole.com,0
stabif.com,0
rpainl.com,0
luminoussport.com,0
kasaannva.xyz,0
qlabori.com,0
ifavoid.com,0
lebahmall.com,0
lowcountrysport.com,0
asfdfgf.shop,0
asddrggo.shop,0
dumsto.top,0
asfdfgf.buzz,0
borseitnego.xyz,0
hometextileout.xyz,0
dumsto.online,0
walksalone.buzz,0
goexuscita.xyz,0
dumstonie.shop,0
dumtienn.icu,0
dumstonie.top,0
gonnam.xyz,0
householdou.xyz,0
ropakids.xyz,0
webhostingadmin.com,0
damoke.cc,0
8smk.com,0
twitchyl.com,0
collaborationsport.com,0
iscarrespi.xyz,0
jacketstoe.xyz,0
lifepiatto.xyz,0
kassenaoutle.xyz,0
sklunoutle.xyz,0
citaoutiy.xyz,0
itchingl.com,0
casapiatt.xyz,0
atlas-homedeco.com,0
proyectachile.com,0
6qtum.com,0
7708139933.com,0
83357970.com,0
85002233.com,0
ascept-apsa2022.com,0
ask102.com,0
automobile-denhof.com,0
gym-monsters.com,0
edenrevivalministries.org,0
ecadelivers.com,0
ekcpas.com,0
aktirtascreen.com,0
sistermo.com,0
wwwk123.com,0
maveencollection.com,0
meilleurpetite.com,0
faithfulangelsdesigns.com,0
prrassociatesca.com,0
tutorialkhmer.com,0
jabiastores.com,0
peachikeenco.com,0
gorginaumovski.com,0
beautyproductsaz.com,0
vayvonnhanhnganhangtpbank.com,0
fusion16.com,0
velearner.com,0
warerivahart.com,0
bohol-divers.com,0
elevento7.com,0
originwholesaler.com,0
inmobiliariamexico.net,0
flowerfieldmusic.com,0
hookthelookboutique.com,0
patsyjeans.com,0
phoeniciainsurance.com,0
thewarcaster.co,0
bdsduanbacgiang.com,0
mahogany-realestate.com,0
kgx888.net,0
dgadvert.com,0
reviewalcohol.com,0
rudysellshouses.net,0
sr62vetclinic.com,0
pelhamlocksmithbronx.com,0
digitalchef91.com,0
hitochanjp.com,0
avancoliberto.com,0
pfuls.com,0
gamerzrace.com,0
rootsthrutheferns.com,0
alojadid.com,0
teenjazzproject.com,0
cakes4business.com,0
canholavita.net,0
elizaalexy.com,0
upslot.co,0
mtlassenholistics.com,0
chicbymystic.com,0
starprank.com,0
obsidianisme.com,0
mobiledmechanic.com,0
vanikspromo.com,0
goexplorebig.com,0
lexingtonfunerals.com,0
inkaido.com,0
renewandbeauty.com,0
finelinewoods.com,0
chuyennhatrongoihanoi.net,0
tumanakogloballeadership.com,0
womulo.com,0
yeglashplug.com,0
cursosencasa.net,0
kx893.com,0
mooremusiclegacy.org,0
rajstore.org,0
remadementorship.com,0
3skdesigns.com,0
488rt.com,0
50707g.com,0
5510816.com,0
56market.net,0
5bocc.com,0
gxabchina.xyz,0
debtreliefwire.com,0
budimancare.com,0
fhasoihfoia.com,0
basouhavsoc.com,0
bicircles.net,0
21212merridy.com,0
umpmot.com,0
servipluss.com,0
puntonaranjaec.com,0
pixeedia.com,0
jcontractorsrenovations.com,0
ebenezercargo2022.com,0
bndushvudsc.com,0
bdiuhviuasc.com,0
siciniagency.buzz,0
tynimedia.buzz,0
butigeagency.buzz,0
gihemedia.buzz,0
hisekomumedia.buzz,0
tufutyagency.buzz,0
luwoheagency.buzz,0
dypiqimedia.buzz,0
habuagency.buzz,0
shakeslimhq.com,0
bemimedia.buzz,0
wihupaagency.buzz,0
rymyweagency.buzz,0
kylumedia.buzz,0
caseyys.com,0
bmgmoney.best,0
graduatesroom.com,0
gohm.us,0
condominioabandonado.com,0
mhkcoach.com,0
transportepalencia.com,0
chevilleengineering.com,0
waferssystems.com,0
goodproservice.com,0
proteam.info,0
aiot-display.com,0
halley.agency,0
vanityflairz.com,0
alvinafundraising.org,0
catari-inv.com,0
piketeparaeltete.com,0
capitaltradespro.com,0
doeenterprise.com,0
longtimenosee.wine,0
verdecoger.com,0
hqyl111.com,0
rawspor.com,0
stopshop2.com,0
stock4less-eu.com,0
aquakleenelpaso.com,0
fastpayads.com,0
mandiokero.com,0
jollygiftsbychris.com,0
alpakke.com,0
sicicrowd.com,0
glendaanderik.com,0
fppis.com,0
mtcrestedbutteskicondo.com,0
campbellsvillestats.com,0
1862patrickroad.com,0
jimandjagos.com,0
fitnessparkk.com,0
moreenbiotech.com,0
barbershopsocialclub.com,0
richeyewears.com,0
findyourfancy.net,0
elevationconstructionllc.biz,0
thetimefortalkisover.org,0
leadershipwithintegrity.com,0
biotrucker.org,0
thermie-yamamoto.com,0
rajasthantouristtaxi.com,0
tuntunirghor.com,0
theleaguemobile.com,0
bodymufment.com,0
sunrisethaispa.com,0
99tutorialspoint.com,0
mundofreakyoficial.com,0
funnelmarketing101.com,0
sankalpacademyonline.com,0
physics-z.com,0
tirupatibuildersanddevelopers.com,0
newlifeayurvedhospital.com,0
quesoschipilenos.com,0
incom-eg.com,0
phutana.com,0
emilyaddisonchurchwell.com,0
divineraee.com,0
boutiqueitalia.net,0
marmitasfit.com,0
diosasuruguay.com,0
supremacyinternationaldavao.com,0
kineticstool.com,0
ndicamtravels.com,0
oneinamallon.com,0
sanmarcosverde.com,0
decorbyaesthetics.com,0
solutionshints.com,0
www073838k.com,0
jahost.net,0
capitaltrade.info,0
highorbnewage.com,0
lipglossministry.com,0
betsyandpatrick.com,0
jadidvintage.com,0
themoneymvmt.com,0
fetzyshop.com,0
erikascreativecreations.com,0
enlightenmentcreditrepair.com,0
prasuvidhasolutions.com,0
iraysteph.com,0
nynessfood.com,0
kelimjewelryturkey.com,0
leonelweb.com,0
headlinesincrypto.com,0
d-hl.com,0
cabowabocaptiva.com,0
cliniquesept.com,0
sweb2.com,0
sweetrelax56.com,0
tantc1.com,0
e-korunas.com,0
east-side-exotics.com,0
easy9jabuy.com,0
bobo117.com,0
bo-dentalcare.com,0
cptmarkets1.com,0
critchley-hackle.com,0
wigux.xyz,0
effectsofstressonthebrain.xyz,0
alarmsystemenbelgie.xyz,0
sadeni.xyz,0
ohded.xyz,0
esger.xyz,0
verwijderdebestandenterughalen.xyz,0
ehwav.xyz,0
bebekarabalari.xyz,0
filmsfrhd.xyz,0
anthonyfamilytree.xyz,0
homedecoratingideasinfo.xyz,0
tenchs.xyz,0
skullfreemusicdownloads.xyz,0
mp3skullssearch.xyz,0
ashworthfamilytree.xyz,0
guidoexv.xyz,0
roomsiodia.xyz,0
jaegersa.xyz,0
apodoschba.xyz,0
metalldetektor.xyz,0
kunmadaras.xyz,0
avtomaty-download.xyz,0
vulcan-sloty.xyz,0
lishasprowl.xyz,0
mapsofcitys9.xyz,0
crazy-klub.xyz,0
kakapoopoo.xyz,0
playsfilmsfr.xyz,0
losslesssongs.xyz,0
bebekotokoltugu.xyz,0
vergfernna.xyz,0
bumblebeen.xyz,0
aukladcki.xyz,0
bairos.xyz,0
glenroselandpark.xyz,0
mnegas.xyz,0
comparegoldloansindia.xyz,0
juksone.xyz,0
torreydonvale.xyz,0
portmurdora.xyz,0
homedecorinterior.xyz,0
lojascapixababr4.xyz,0
aloys2w1.xyz,0
xicbnferop.xyz,0
francaisfilms.xyz,0
ariesa.xyz,0
pgmonitor.xyz,0
myfirstfishtank.xyz,0
newbronze.xyz,0
mosquitognatn.xyz,0
artichoken.xyz,0
sloty-besplatnye.xyz,0
freevulkanslots.xyz,0
itm-soils1.xyz,0
spreimurahyogyakarta.xyz,0
hostodin.xyz,0
besplatno-play.xyz,0
rabesitejj2.xyz,0
tacbika.xyz,0
fabiolr.xyz,0
thaddeusdaines.xyz,0
aurigama.xyz,0
deluxesloty.xyz,0
whatdoesavalosmean.xyz,0
webfantastic.xyz,0
webutil.xyz,0
cinemaxfilmsfr.xyz,0
play-crazy.xyz,0
flamebrew.xyz,0
howtoincreasesemenvolume.xyz,0
gratuitfilmsvf.xyz,0
parolescorde.xyz,0
sozlericeviri.xyz,0
kellersite7n0.xyz,0
friendcharm2015a1.xyz,0
privecam.xyz,0
filmenlignevfx.xyz,0
letrastraducida.xyz,0
xessangyong.xyz,0
minelore.xyz,0
comicbooksinformation.xyz,0
mp3freemusicskull.xyz,0
belajargitarlagu.xyz,0
chordkuncigitar.xyz,0
playsfilmsfrx.xyz,0
sizegeneticspenisextender.xyz,0
thenortherncrown.xyz,0
eridanusa.xyz,0
thecloseaccountingco.xyz,0
albrechtcyo.xyz,0
jadro-stav.xyz,0
psgt-plasticsurgetygrouptr.com,0
fiload.xyz,0
tomaosi.com,0
mongyneco.com,0
brothersboring.com,0
songstexte.xyz,0
tekstypiosenek.xyz,0
showertherapy.xyz,0
noormanslegacy.com,0
smileylizard.com,0
mmzba.com,0
filmenlignevf.xyz,0
maxonfaceshield.com,0
emkorss1.xyz,0
vipdogclothes.com,0
bailuoyite.com,0
tsalfile.xyz,0
365digilab.com,0
aflyt24.com,0
aquinofamilyname.xyz,0
orangesfilmfr.xyz,0
plaaysmovieshd.xyz,0
filmsgratuitsfr.xyz,0
lnoventive3d.com,0
long3358.com,0
positiveaffirmationessentials.org,0
tenisalphasport.com,0
bilysboutique.com,0
tranghappy521498164.com,0
bestpetshippingline.com,0
subohm.us,0
healthz.biz,0
helpyoubuild.us,0
fobum.us,0
paybay.biz,0
notecapital.us,0
ohmci.us,0
thoughtfulcounseling.org,0
plumbestic.biz,0
24hrsurgentplumbers.biz,0
24hemergencyplumbing.biz,0
24hserviceplumber.biz,0
24hplumbers.biz,0
24hplumbingservice.biz,0
trustedlocalplumber.biz,0
localplumberoncall.biz,0
24hourfastplumbingservice.biz,0
allaboutpipework.biz,0
247urgentplumber.biz,0
24hoursplumbingservice.biz,0
sabredevelopments.biz,0
andreacleaningny.com,0
blokperu.com,0
perfectbrowskit.com,0
stocksntips.com,0
photographynutley.com,0
25onpoint.com,0
molinayasocs.com,0
vrmanias.com,0
travellinggate.com,0
massattention.com,0
sioandbigt.com,0
nerdoffers.com,0
skill2scaletech.com,0
carolineelucas.net,0
fencingservicesindiantown.com,0
midlandtacotruck.com,0
besttripsinc.com,0
woowmatjar.com,0
itechzoneph.com,0
chakratop.com,0
911restorationgta.com,0
lampasashomecleaning.com,0
thegenesiscreative.org,0
tuttimobili.com,0
seventenant.com,0
englishcreamgoldensofanthem.com,0
future-prints.com,0
myfluffybuddy.com,0
milesyuto.com,0
suupaukopi.com,0
jdwedding2020.com,0
champaranfilter.com,0
gdsecc.com,0
homienepal.com,0
bjkxsw999.com,0
derekrockawaylocksmith.com,0
alateeq-store.com,0
tiendasyj.com,0
brnachesrlikeswdsibt.info,0
lahainutemagazin.com,0
glazaapparel.com,0
mohsinjafryaesthetic.com,0
thriftwithmomoka.com,0
distingitmusic.com,0
floorkoofuku.com,0
altrecruiter.com,0
ki-ripa.com,0
wassfaa.com,0
chica-bella.com,0
misterteufen.com,0
yoshisports.net,0
kimanhmart.com,0
midwestvanconversions.com,0
suaisra.com,0
imperfectmama.net,0
betsbahis26.com,0
ldfashionsurat.com,0
vegquestt.com,0
emobilebet.com,0
uswebsharkvideo.com,0
drluisramierz.com,0
thoreview.com,0
collegeeducationlink.com,0
securetechmx.com,0
sanpeonyaco.com,0
christianwealthpartners.com,0
prosperitypowerwashing.com,0
facilitamenopausa.com,0
getshebasrecipes.com,0
open2shine.com,0
daudaadegbenrofoundation.com,0
vidyoursmallbiz.com,0
ylpc4.com,0
hermancordobalopez.com,0
begensky.com,0
signingservicellc.com,0
estiloic.com,0
batchit.net,0
nexuskratom.com,0
ellensentertainment.com,0
sheikhaumsultan.com,0
stealthetrend.com,0
vznryofficial.com,0
gamar1.com,0
alkazanemlak.com,0
brandyalexander.com,0
idcsph.com,0
miltonimambargah.com,0
regoenergyresources.com,0
paphosrunningclub.com,0
seguratto.com,0
shareasale.shop,0
copyright-case-20541.link,0
kevandloz.party,0
apiiit.tech,0
apollofinance.net,0
appleketogummy.site,0
maritimelawyer.net,0
cryptobankchain.com,0
dipwallet.com,0
micmv.com,0
140eclipsecrescent.com,0
11carabinerprivate.com,0
1604forestparkdr.com,0
16180.xyz,0
0101.studio,0
34option.net,0
125gallery.com,0
123zz.xyz,0
3031strand.com,0
site-official-frank-casino.net,0
smphamparan2.com,0
smps10bestagro.com,0
hl-syxh.com,0
jcdispatchservices.com,0
mentor9.com,0
socazgutters.com,0
muhafazakargezinti.com,0
etdiscountdeals.com,0
cryptobahis.net,0
v878888.com,0
reliabletourscr.com,0
leslienantz.com,0
theweldedtraveler.com,0
kids-craft-kits.com,0
helloshapes.com,0
chi-bi-sumo.com,0
akantedarik.com,0
tarya-thai.com,0
figueiredopisosdecor.com,0
vistellar.com,0
lapizarra.co,0
saigouravresidence.com,0
cleatsforcauses.com,0
neonbella.com,0
endemoswear.com,0
forestorganicfarm.com,0
analyzedcmsdata.com,0
allthingssuite.com,0
rdconsulting-hr.com,0
yhankilasherpa.com,0
ketorecipeshealthy.com,0
beautybaseshop.com,0
aculinaria.com,0
panetoneslucrativosartesanal.com,0
ohbabyclothing.com,0
prp4sd.com,0
primeatwork.com,0
farmingeveryday.com,0
eworldshirpora.com,0
moonmaayo.com,0
leoveron.com,0
sterlobox.com,0
theappetitecollective.com,0
dailywordfromtheholyspirit.com,0
avmhospitals.com,0
nayansocceracademy.com,0
kulinariskkaos.com,0
mindsinvestment.com,0
rjm-studios.com,0
infantformulajustice.com,0
clozze.com,0
hrpikehaus.com,0
whitneyfrank.com,0
plantjes.net,0
shabburaalum.com,0
globalspaces.net,0
ben-is-cool.com,0
richardsigona.com,0
orthoprox.com,0
kinziskandiedaccessories.com,0
patfashions.com,0
residencialfloresdocampo.com,0
georgestraittickets2022.com,0
dashmeshfood.com,0
appliedtli.com,0
brooklynpieshop.com,0
tandtfinancial.com,0
theuppercrustcompany.com,0
praisethreads.com,0
ecomobil.us,0
laventeavance.com,0
tansikhadayiq.com,0
novaltyexpressdocuments.com,0
ethereumal.com,0
blueblockk.com,0
permalifepermavie.com,0
shops-jbalvinmerch.com,0
ssdactivewear.com,0
haurium.com,0
ganoturkey.com,0
bienestargeneral1.com,0
pnpnbschool.com,0
deeannestudios.com,0
decaromfg.com,0
abrokensmilex.com,0
suachuanhavesinh.net,0
brandonbeckham.org,0
palletplastikterbaiksidoarjo.com,0
nsk-gorod.com,0
nv06.com,0
nywc120.com,0
obrezka74.com,0
objecte123.com,0
ceuniv-villahermosa.com,0
cetraria-cladonia.com,0
chic-red-on.com,0
circa81media.com,0
cj951.com,0
cntv9.com,0
cod621.com,0
bahispub.cc,0
ssjmudn.com,0
porngamesonandroid.com,0
freeporngamesonline.com,0
freemobilesexgames.com,0
dlfengchao.com,0
chatvietmedia.com,0
ariseshine.church,0
bue-store.com,0
grandbetting.cc,0
popgisttv.com,0
donphillsfoundation.org,0
realisticporngames.com,0
andescapitalpartners.com,0
constructioncrunch.com,0
strongdentalcare.com,0
oleybet.cc,0
enupgrade.shop,0
loskzco.shop,0
tentaclesexgames.com,0
cosogtmos.shop,0
qinvip.xyz,0
astratgo.shop,0
marketguru.shop,0
usaboutshop.xyz,0
meritoryalbet.info,0
airbonecargo.com,0
xm88out.xyz,0
boxjj.xyz,0
freybet.cc,0
pastrybyfari.com,0
christmasbuy.top,0
timelyhappy.top,0
umrahpgh.com,0
baraqahumrah.com,0
sifubot.xyz,0
evennly.com,0
solusiherbakampung.com,0
lappblue.com,0
untillloves.com,0
ticktoka.com,0
walkrooma.com,0
onlinedealsvenue.com,0
netcoupondeals.com,0
epgoods.shop,0
aicketshop.xyz,0
ruiketech.net,0
pikolinossingapore.net,0
qvaire.com,0
umeiraa.com,0
bananainjoy.com,0
susuprobiotik.com,0
healthyrecipeas.com,0
klairv.com,0
wakesupd.com,0
wgkilbniw.top,0
vieclammientrung.net,0
bootir.com,0
daunation.photography,0
roathy.com,0
foodporn.cloud,0
tangtien.net,0
xiaowei66.net,0
viralclicks.org,0
ship-part.xyz,0
quarrel-mechanic.xyz,0
custommyhoodies.com,0
breakfast-greed.xyz,0
sad-bedroom.xyz,0
penisverlangerungxxl.xyz,0
bds43.com,0
kitchenflavores.com,0
complicate-enclose.xyz,0
sh-rirakuw.xyz,0
sh-rirakuy.xyz,0
student-decision.xyz,0
bagisharedreview.xyz,0
neat-ribbon.xyz,0
tirenminolc.xyz,0
utubedl.xyz,0
invent-sort.xyz,0
play-village.xyz,0
may-sky.xyz,0
oil-health.xyz,0
place-creep.xyz,0
devlin-digital.xyz,0
kfashionbags1.xyz,0
top-deceit.xyz,0
thehighwayoflife.xyz,0
slotx-ok.xyz,0
oksloty.xyz,0
businessman-life.xyz,0
waste-prefer.xyz,0
burzykshop.xyz,0
kiss-bring.xyz,0
generous-ship.xyz,0
sh-riraku27.xyz,0
party-by.xyz,0
mattclifton.xyz,0
modesty-duty.xyz,0
firstcarier.com,0
sougisha.xyz,0
instrument-carriage.xyz,0
lidongjun.xyz,0
kanvasmarket.xyz,0
citizen-ocean.xyz,0
criscelloy1.xyz,0
yearofthecobra.xyz,0
explode-berry.xyz,0
help-protect.xyz,0
musicallyfollowersgenerator.xyz,0
kazinox09a.xyz,0
21jhuns.xyz,0
yield-headdress.xyz,0
kobayashisaijyou.xyz,0
erovideotuuwa.xyz,0
language-warm.xyz,0
experiment-complete.xyz,0
duck-luck.xyz,0
husband-quart.xyz,0
moru-soku.xyz,0
rival-secret.xyz,0
friendly-mistake.xyz,0
gedov.xyz,0
owe-pronounce.xyz,0
woolen-stiff.xyz,0
ftv-girls.xyz,0
cpsit.xyz,0
nusanre-loaded.xyz,0
box07.xyz,0
offwhiteuk.xyz,0
niche-fetish.xyz,0
citizen-gap.xyz,0
jamsils.xyz,0
cagla.xyz,0
croatt.xyz,0
o-naturel.xyz,0
onlinelevendebenodigdheden.xyz,0
leaf-scrape.xyz,0
prison-hate.xyz,0
sleep-safe.xyz,0
delage3d.xyz,0
fast-web-hosting126.xyz,0
formation69.xyz,0
livedaily.shop,0
nuongzone.com,0
rue59.com,0
aurorasservhome.com,0
betynhomkt.com,0
cybertechnix.com,0
clapenburgsecurity.com,0
soberdudesny.com,0
backhealthblog.com,0
finditatabbys.com,0
agenciatarrafa.com,0
elite-pods.com,0
ondinacafeyrestaurant.com,0
povertybjuder.com,0
stokesbaptistchurch.org,0
gotvcr.com,0
ritajasonamore.com,0
rapidweightlosswithashley.com,0
getpremiumblog.com,0
diyoab.com,0
clixstechnologies.com,0
passivedream.com,0
thedreamcreditrepair.com,0
yorkstyles.com,0
srisidhivinayakahosiery.com,0
88blh88.net,0
schnelleromanze.info,0
streetwearmotionstore.com,0
soyolivodigital.com,0
krobarconstruction.com,0
34otocekici.net,0
hawaiiancoffeecompany.net,0
afiliacionesproactiva.com,0
hanlonschristmascup.com,0
kirtikundalini.com,0
mattsonwedding2022.com,0
resplandecebybelen.com,0
ridzwaniqbal.com,0
beeremovaluk.com,0
donnasohana.com,0
ramdentalclinic.com,0
modonali.com,0
realsolutionspro.net,0
threerrealestate.com,0
shopecoder.com,0
roseburgpaintingpros.com,0
litharaadventure.com,0
1025steinwayave.com,0
941mobilemechanic.com,0
sundreamdevelopment.com,0
rckcosmopolitan.com,0
beballar.com,0
hubeardco.com,0
shooterflokibsc.com,0
levaand.com,0
rosellacorsi.com,0
ghazicreates.com,0
shopchristyestep.com,0
dripoutfits.com,0
fashionkidsclub.com,0
myheartfull.com,0
drosenblatt.com,0
lauratanuredg.com,0
rpscg.info,0
socaltakeout.com,0
biologistonabudget.com,0
citymassexpress.com,0
katy-andrew.com,0
needr.com,0
welldoneplusjordan.com,0
gettprofits.com,0
kopotakkhonewstv24.com,0
bestpetsdiary.com,0
excavatingcontractoredmonton.com,0
fbinvestigazioniesicurezza.com,0
lashdollxo.com,0
suvarnabhoomiproperties.com,0
josilenebrito.com,0
alwayshealthy247.com,0
lojakirenovabeleza.com,0
jawaralogistik.com,0
fcsolucoesfinanceiras.com,0
moosacopakistan.com,0
nabrimki.com,0
nathanholdingsllc.com,0
bubbleslovegt.com,0
1990somethingllc.com,0
1o1architecture.com,0
1x-bet09462.com,0
24reit.com,0
2chiko.com,0
2dvision.com,0
312528.com,0
360jiaocheng.com,0
365etf.com,0
3523division.com,0
sequence-rocks.com,0
kasdabol.com,0
cryptoclikads.com,0
stihsaw.com,0
erw8642.top,0
hakimalouani.com,0
sucessoempreenderonline.com,0
lacolinachales.com,0
indiefume.com,0
dekoskrynele.com,0
therapynursesas.com,0
excitingmeal.com,0
castillogreatsolutions.com,0
bhopalmagzine.com,0
redepocs.com,0
phungocbiofarm.com,0
leniklopesarts.com,0
tongkhonhadathanoi.com,0
amazilab.com,0
indiapay24.com,0
vortextweb.com,0
wpandserver.com,0
latelierdesgourmandises.com,0
servicegt.com,0
webappscoder.com,0
authentiquaire.com,0
allcermark.com,0
kalashsafes.com,0
ecarbar.com,0
burgroast.com,0
aliangfishnoodle.com,0
doyouflix.com,0
nasimatrading.com,0
liskop.com,0
thugginhippy.com,0
bigdropstudios.com,0
global-eco-systems.com,0
smart-vista.com,0
paktehzeeb.com,0
marutitent.com,0
thelegends-dxb.com,0
ascwebdesign.com,0
explorenaijatoday.com,0
presscrops.com,0
ledgerxtradefx.com,0
srmudandodevida.com,0
gulmania.com,0
spirantclasses.com,0
sz-bkj.com,0
originalhialeahbarber.com,0
snehatraders.com,0
apktire.com,0
herbaakarkayulimited.com,0
corinneboel.com,0
marketingwithpatricia.com,0
apexconsultantsindia.com,0
coinmovet.com,0
bitcoindozeroaomilhao.com,0
nsbtechappy.com,0
masharefintl.com,0
tucomprass.com,0
nyumbanidigitalagency.com,0
astromconstruction.com,0
aadilancemedia.com,0
salovecuidadeti.com,0
realestategraphicusa.com,0
iskekalip.com,0
wexchanges.com,0
jrpgroups.com,0
lumfinance.com,0
oh-la-em-casa.com,0
dailyearningtoken.com,0
gegconsultores.com,0
mystorepp.com,0
vienna-store.com,0
drgunjitparmar.com,0
bright-fi.com,0
cepnywsac.com,0
my-sweettooth.com,0
soldelgas.com,0
site-do-ze.com,0
egtradingdubai.com,0
concrete2codingandnetworking.com,0
gotravelroute.com,0
websitejinni.com,0
storeintima.com,0
printstoreuganda.com,0
agenciaparlamento.com,0
aowatch94.com,0
refporky.com,0
argenlife.com,0
dthcentre.com,0
darbtoken.com,0
kehamniel.com,0
wayncom.com,0
monespacedigital.com,0
artesaniasjuandiego.com,0
comprasviaweb.com,0
ajsbusinessanditsolutions.com,0
jhrpedras.com,0
jovenmunar.com,0
rdweddingstory.com,0
anshcare.com,0
ftnebinter.com,0
indopridecoco.com,0
mellifluousdev.com,0
blockchainsaloon.com,0
farmandcontructionessentials.com,0
7zoommarketing.com,0
tabibbby.com,0
georginawolfe.com,0
designsweb4u.com,0
quanticaltech.com,0
devparadev.com,0
imperioxp.com,0
luxurylettersksa.com,0
avengersgame.com,0
steer-wing.com,0
larastolzenberger.com,0
cutepuppynft.com,0
elfarouk-achirafi.com,0
socialmarkitup.com,0
kantharalakcoop.com,0
serenamorenabakery.com,0
royalringtoneshub.com,0
impressivelooks.com,0
invest-affairs.com,0
concessionautomoto.com,0
themindscript.com,0
redescomputecny.com,0
wnoner24.com,0
attaqada.com,0
mentoranandilaoficial.com,0
jlflorist.com,0
davidnandas.com,0
indorame.com,0
dandelibookingresorts.com,0
franciscorb.com,0
das-all.com,0
enmanuelmercado.com,0
roboacesso.com,0
pilotexaminations.com,0
paybanqo.com,0
alpfinanceglobal.com,0
relivemedica.com,0
officefixit.com,0
proinfoworld.com,0
zenithadvt.com,0
idatingfood.com,0
subhashkerkar.com,0
alegriaforce.com,0
mosaicshowman.com,0
tastypond.com,0
hangplay.com,0
vcpmail.com,0
mastertalkscr.com,0
vietinchina.com,0
fptlapdat.com,0
webmytra.com,0
shiaxingya.com,0
haegervn.com,0
digital-mukul.com,0
digitalstopagency.com,0
zeeshanshabbir.com,0
hithopmagzine.com,0
cursosparaenriquecer.com,0
uttarmanav.com,0
listeningdiary.com,0
milesupon.com,0
beginning-step.com,0
safarifalafel.com,0
evmudo.com,0
trgto.com,0
givelaboratories.com,0
statutcoupon.com,0
institutoinspira.com,0
khabriram24.com,0
vjjobscircle.com,0
detoxlucrativo.com,0
virginacare.com,0
lubricantlk.com,0
digitalbuddyy.com,0
hasilrimba.com,0
nesorart.com,0
aboltec.com,0
liberster.com,0
all-os-team.com,0
trend-closet.com,0
nt-shopp.com,0
bookyourplant.com,0
sexy-pour-lui.com,0
wldma.com,0
osunasoftware.com,0
rauf-fullstack.com,0
logibrasil.com,0
juanpablofarias.com,0
bytefloki.com,0
normallarrainzarprimaria.com,0
skillarabic.com,0
rosadesaronflowersandgifts.com,0
92ol95alunionbatch.com,0
cedaarts.com,0
imarathinews.com,0
mharizpratama.com,0
quizhez.com,0
classfreecourses.com,0
plnsuluttenggo.com,0
eythann-lemonnier.com,0
ebsarworldcenter.com,0
akashchakraborty.com,0
jrlightcolor.com,0
profitplumm.com,0
programaliberdade.com,0
vendasinternetonline.com,0
travelingjibsinter.com,0
todayshopcart.com,0
littlesparksllc.com,0
unityfitnesshub.com,0
mabiasoft.com,0
polanpier.com,0
marabrandao.com,0
reggystore.com,0
estellette.com,0
albaikbangalore.com,0
ofthemen.com,0
suratmanlarakuti.com,0
wordbooking.com,0
addhyayantech.com,0
bestvacuum-shark.info,0
khabargaah.com,0
rdacsaa.com,0
withwilfina.com,0
dailymuktasangbad.com,0
virtexogaming.com,0
szfivenine.com,0
acorpasesoriasjuridicas.com,0
hibaaroma.com,0
banglabloggers.com,0
shinecrafttechno.com,0
betterstuffsforyou.com,0
tumagiaoculta.com,0
useconsce.com,0
lemonlawko.com,0
metazone.ws,0
camp-partner.link,0
topchainsaws.info,0
hoxmovie.com,0
bestgardentools.vip,0
storiino.com,0
southernmiamilegal.com,0
